MedInc,HouseAge,AveRooms,AveBedrms,Population,AveOccup,Latitude,Longitude
2.5043,41,5.465217391304348,1.1782608695652175,828,3.6,37.75,-122.17
2.39,25,3.9282868525896415,1.2350597609561753,1439,5.733067729083666,33.98,-118.23
3.8158,14,6.306532663316583,1.1419597989949748,2105,2.6444723618090453,35.69,-120.9
3.5707,29,5.503797468,1.058227848101266,1030,2.607594936708861,34.21,-118.22
2.8139,15,5.571932299012694,1.002820874471086,4769,3.363187588152327,38.51,-121.42
3.5833,32,5.829479768786127,1.0375722543352601,855,2.4710982658959537,40.79,-124.13
3.8523,25,5.5,1.1807909604519775,900,2.542372881355932,37.66,-121.78
3.7609,6,4.446478873239436,1.0154929577464789,1695,2.387323943661972,33.55,-117.67
4.712,20,6.265,1.015,1705,2.841666666666667,39.66,-121.77
5.5312,27,5.623376623376624,0.9837662337662337,1115,3.6201298701298703,33.68,-117.95
1.625,1,3,1,8,4,33.86,-116.95
3.7031,25,5.163755458515284,1.0283842794759825,1197,2.613537118,33.75,-117.81
5.1637,36,5.291161178509532,1.100519931,1234,2.1386481802426345,34.03,-118.41
3.053,50,5.12,1.5155555555555555,519,2.3066666666666666,33.52,-117.8
7.1837,20,6.607407407407408,0.9555555555555556,331,2.4518518518518517,35.35,-119.08
1.7083,44,4.349282296650718,0.9856459330143541,1680,4.019138755980861,36.75,-119.77
1.6552,32,4.865853658536586,1.275609756097561,1069,2.607317073170732,33.24,-115.51
9.5268,13,7.139275766016713,0.9902506963788301,2429,3.383008356545961,33.67,-118.07
6.379,12,7.8193979933110365,1.1672240802675586,1543,2.580267558528428,33.51,-117.71
4.3512,24,4.976100628930817,1.0213836477987421,3196,4.020125786163522,33.76,-117.95
1.3092,5,3.295663600525624,1.0867279894875164,2066,2.7148488830486204,32.71,-117.16
7.2965,17,8.474242424242425,1.1090909090909091,1992,3.018181818181818,34.25,-118.85
6.3822,18,7.36013986,1.055944055944056,830,2.902097902097902,33.65,-117.82
4.375,38,5.400843882,0.9746835443037974,828,3.4936708860759493,34.18,-118.17
3.5667,13,34.84375,7.96875,86,2.6875,38.71,-120.32
3.9196,25,7.214477211796247,1.6032171581769437,964,2.584450402144772,39.18,-120.87
1.9615,52,4.882086167800454,1.090702947845805,1168,2.6485260770975056,37.84,-122.28
1.6597,36,3.89010989,0.989010989,1136,4.1611721611721615,33.96,-118.23
14.9009,8,9.860169491525424,1.1144067796610169,899,3.809322033898305,33.59,-117.68
5.6758,15,6.017804154302671,1.0207715133531157,4576,3.394658753709199,37.58,-122.06
1.6429,46,3.8341625207296848,1.0364842454394694,1552,2.573797678,34.03,-118.33
2.5,18,4.136363636363637,1,996,5.03030303,36.72,-120.67
2.096,34,2.466893039049236,0.998302207,1987,3.3735144312393888,34.05,-118.3
5.1496,27,5.224299065420561,1.125233644859813,1073,2.005607476635514,34.15,-118.42
2.6364,48,4.182584269662922,0.9157303370786517,1115,3.1320224719101124,37.73,-122.4
4.4762,30,6.247685185185185,1.0717592592592593,2672,3.0925925925925926,33.94,-117.55
1.375,35,4.0508474576271185,1.0314769975786926,1041,2.5205811138014527,35.38,-118.97
5.5951,44,6.618374558303887,1.010600706713781,635,2.243816254416961,34.04,-118.39
2.6513,21,4.980079681,0.9282868525896414,1428,2.8446215139442232,40.55,-122.36
3.8269,29,5.767543859649122,1.0526315789473684,650,2.8508771929824563,38.25,-122.68
2.1759,16,4.904958677685951,1.078512396694215,1115,4.607438016528926,33.62,-114.61
2.2653,40,3.547396529,1.0600801068090788,2149,2.869158878504673,34.07,-118.31
3.8616,8,6.19,1.088,2967,2.967,38.55,-122.82
10.3682,37,8.077922077922079,1.1233766233766234,394,2.5584415584415585,33.61,-117.92
2.935,52,4.474820143884892,1.1270983213429258,1211,2.904076738609113,34.09,-118.25
2.5,23,4.902127659574468,1.1617021276595745,1077,4.582978723404255,33.63,-116.2
6.8323,33,6.603960396039604,0.9900990099009901,579,2.866336633663366,37.75,-122.14
6.767,52,6.454268292682927,1.076219512195122,734,2.2378048780487805,37.45,-122.15
3.9423,39,5.5096525096525095,1.1833976833976834,1338,2.583011583011583,37.15,-122.13
4.0972,38,5.595982142857143,0.9955357142857143,888,1.9821428571428572,38.57,-121.43
3.875,25,5.601092896174864,1.453551912568306,726,3.9672131147540983,33.86,-117.98
3.0147,13,5.938186813186813,1.401098901098901,2566,3.5247252747252746,38.46,-122.75
3.7433,25,5.025122121423587,1.0614096301465457,3264,2.277739009071877,37.93,-122.07
2.2167,39,3.4474474474474475,1.045045045045045,1161,3.4864864864864864,34.11,-118.24
3.6827,34,5.197508896797153,1.1405693950177935,1541,2.7419928825622777,34.12,-118.08
2.0458,18,5.047727272727273,1.0431818181818182,952,2.1636363636363636,39.78,-121.57
2.2102,37,4.201986754966887,1.1258278145695364,1369,4.533112582781457,32.69,-117.1
2.7989,27,5.9221789883268485,1.0992217898832686,1583,3.0797665369649807,38.52,-121.98
6.2028,35,6.326530612244898,1.0136054421768708,1167,2.6462585034013606,33.72,-118.3
4.5078,36,5.6887966804979255,1.020746887966805,806,3.3443983402489628,34.08,-117.93
4.0598,44,4.3828125,1.12109375,531,2.07421875,33.99,-118.46
1.7083,11,7.976744186046512,1.4767441860465116,246,2.860465116,38.95,-122.63
2.3152,25,5.412844036697248,1.055045871559633,1424,3.2660550458715596,36.21,-119.32
2.4167,25,4.777070063694268,0.9949044585987261,1594,2.0305732484076433,34,-117.04
3.2708,43,5.330409356725146,1.0467836257309941,1065,3.1140350877192984,33.95,-118.31
2.4,28,4.508403361344538,1.0126050420168067,652,2.7394957983193278,38.44,-122.73
1.4589,27,3.512552301,1.1182008368200838,2415,2.526150627615063,34.02,-118.35
2.75,22,5.471698113207547,1.0581761006289307,1541,2.4229559748427674,37.17,-118.3
3.2062,6,4.809847198641766,1.066213921901528,1717,2.9151103565365024,34.05,-117.67
2.1,41,3.4976076555023923,1.0370813397129186,2751,3.290669856,34.19,-118.37
4.7804,17,5.305128205128205,1.0320512820512822,2442,3.1307692307692307,33.78,-117.8
3.5987,19,6.167259786476868,1.0782918149466192,911,3.2419928825622777,36.57,-119.59
5.2534,31,5.425383542538354,0.9916317991631799,1898,2.6471408647140864,37.31,-121.96
4.7216,41,5.7967914438502675,0.9545454545454546,1171,3.1310160427807485,33.69,-118.33
3.1591,35,5.382075471698113,1,924,4.3584905660377355,34.04,-117.96
0.8054,52,2.903225806451613,1.1290322580645162,36,1.1612903225806452,35.38,-119.02
8.0683,20,8.124161073825503,1.0268456375838926,1023,3.4328859060402683,34.15,-117.83
3.7167,48,4.381877022653722,0.9029126213592233,716,2.3171521035598706,34.06,-118.35
2.6607,22,6.508021390374331,1.1978609625668448,537,2.871657754010695,39.34,-121.67
0.536,46,3.142857142857143,1.0476190476190477,37,1.7619047619047619,38.02,-121.84
10.9704,6,10.55813953488372,2.372093023255814,213,4.953488372093023,33.69,-117.53
5.966,48,4.13986014,0.8531468531468531,340,2.3776223776223775,37.69,-122.32
5.5101,35,6.13968254,0.9746031746031746,905,2.873015873015873,34.19,-118.62
3.2216,48,4.853403141361256,0.9424083769633508,1126,2.9476439790575917,34.19,-118.15
2.6321,21,4.132264529058117,1.0561122244488979,2162,2.1663326653306614,37.7,-122.13
3.1136,36,5.7134986225895315,0.9614325068870524,954,2.628099173553719,36.96,-120.08
7.1615,36,6.226666666666667,0.9688888888888889,667,2.9644444444444447,34.16,-118.03
2.8285,17,4.996610169491525,1.0677966101694916,2307,2.606779661016949,35.49,-120.66
4.2227,30,5.698060941828255,1.0290858725761773,1994,2.7617728531855956,38.01,-121.89
2.6902,25,6.671875,2.159375,566,1.76875,32.79,-117.24
1.3191,50,3.4483471074380163,1.1528925619834711,1340,2.768595041322314,37.96,-121.29
4.9615,52,5.989847716,1.0964467005076142,467,2.3705583756345177,37.98,-122.58
2.5556,27,1.875,0.875,332,2.9642857142857144,34.09,-118.32
3.5781,33,6.6415094339622645,1.2877358490566038,520,2.452830188679245,38.34,-122.4
3.0417,52,4.638115631691649,1.0342612419700214,1308,2.8008565310492504,34.17,-118.12
2.6458,10,4.360526315789474,0.9447368421052632,958,2.5210526315789474,36.71,-119.57
2.5104,38,5.6798866855524075,1.0906515580736544,882,2.498583569405099,38.73,-120.81
3.975,52,3.731006160164271,1.0985626283367556,800,1.6427104722792607,37.79,-122.44
3.2404,36,4.955882352941177,1.0147058823529411,223,3.2794117647058822,36.97,-122.03
1.2175,52,2.890909090909091,1.12,1118,4.065454545454545,34.01,-118.28
3.7639,37,4.574297189,1.0200803212851406,1257,2.5240963855421685,33.89,-118.31
3.12,23,5.366492146596858,1.0732984293193717,263,1.3769633507853403,37.86,-122.07
4.3393,43,5.071949947862357,1.013555787278415,3134,3.267987486965589,37.73,-122.39
3.7303,37,4.373786408,0.9271844660194175,599,2.907766990291262,37.66,-122.1
3.1061,19,5.490066225165563,1.0706401766004414,1110,2.4503311258278146,39.76,-121.58
3.7727,27,4.222748815165877,1.1161137440758293,837,1.9834123222748816,34.01,-118.47
3.4472,45,4.468629961587708,0.911651729,2337,2.9923175416133163,37.73,-122.4
3.2818,31,3.617094017094017,1.041025641025641,2559,1.458119658119658,34.09,-118.37
3.3846,15,2.930327868852459,0.8770491803278688,1394,5.713114754098361,33.74,-117.91
6.48,44,6.045070422535211,1.1098591549295775,851,2.397183098591549,34.03,-118.5
4.125,52,5.6397984886649875,1.057934508816121,941,2.370277078085642,34.28,-119.27
3.625,6,4.618012422360248,1.124223602484472,810,2.515527950310559,33.17,-117.22
4.1389,39,5.010204081632653,1.010204081632653,1108,3.7687074829931975,33.97,-118.09
1.6125,52,3.135135135135135,1.364864864864865,286,1.9324324324324325,37.78,-122.4
3.5288,42,5.319600499,1.048689138576779,2013,2.513108614,36.66,-121.65
1.4719,26,3.8758169934640523,1.0147058823529411,1647,2.6911764705882355,34,-117.41
4.8958,49,3.7540106951871657,0.7647058823529411,458,2.449197860962567,34.05,-118.38
2.625,13,6.401486988847584,1.208178439,712,2.646840148698885,37.29,-119.6
5.0544,29,5.875555555555556,1.031111111111111,1372,3.048888888888889,38.24,-122.67
4.2969,30,5.864035087719298,0.9385964912280702,1404,3.0789473684210527,34.11,-117.63
5.2336,34,6.382758620689655,1.0034482758620689,784,2.703448275862069,33.88,-117.91
2.2868,17,5.6,1.0735042735042735,3546,6.061538461538461,41.81,-124.15
2.9141,11,9.855371900826446,2.731404958677686,682,2.8181818181818183,33.62,-116.74
4.4871,2,6.6907001044932075,1.1661442006269593,3327,3.476489028213166,38.01,-121.29
3.1486,14,5.218340611353712,0.9606986899563319,568,2.480349344978166,36.33,-119.35
6.5378,34,6.696078431372549,0.9845938375350141,1879,2.6316526610644257,37.88,-122.06
2.2328,34,3.226973684210526,1.0296052631578947,508,1.6710526315789473,32.75,-117.28
3.8235,47,5.896713615023474,1.0821596244131455,1082,2.539906103286385,33.98,-118.35
3.4299,28,5.030120481927711,0.9590361445783132,2032,2.4481927710843374,38.62,-121.35
6.6536,9,6.961151079136691,1.0920863309352518,2090,3.0071942446043165,33.88,-117.76
2.9375,50,7.008310249307479,1.451523545706371,940,2.6038781163434903,38.42,-122.96
2.0221,20,4.721875,1.025,791,2.471875,39.9,-120.93
4.125,19,5.373737373737374,1.0303030303030303,1317,2.217171717171717,37.94,-122.02
2.025,43,4.303278689,1.0327868852459017,820,3.360655737704918,34.07,-118.12
2.7639,9,8.758620689655173,1.7241379310344827,66,2.2758620689655173,39.04,-122.69
1.8906,27,5.874015748031496,1.547244094488189,717,2.822834645669291,38.94,-119.96
5.8371,35,5.482758620689655,1.1352785145888593,724,1.9204244031830238,33.55,-117.8
8.9021,18,7.283783783783784,1.0405405405405406,555,2.5,37.37,-122.12
3.9766,47,6.277777777777778,1.0694444444444444,310,2.1527777777777777,38.45,-122.7
4.5455,25,5.511326860841424,1.1067961165048543,775,2.5080906148867315,34.68,-118.14
3.623,39,4.161264822134387,0.9952569169960475,3057,2.416600790513834,37.47,-122.23
3.1901,52,4.7309417040358746,1.0179372197309418,3731,4.182735426008969,33.97,-118.21
1.6469,24,4.274193548387097,1.0483870967741935,1686,4.532258064516129,35.87,-119.26
8.7783,14,7.867109634551495,0.9867109634551495,796,2.644518272425249,37.74,-121.01
4.0714,9,6.679279279279279,1.0846846846846847,1601,2.8846846846846845,38.65,-120.97
1.9122,38,4.379052369077307,0.9875311720698254,837,2.0872817955112217,39.15,-121.58
5.3439,23,5.825980392156863,0.9877450980392157,1101,2.698529411764706,33.83,-117.86
5.0482,45,5.800915332,1.0411899313501145,1036,2.3707093821510297,34.17,-118.05
1.6509,45,5.332541567695962,1.0641330166270784,1155,2.7434679334916865,41.43,-122.38
3.7585,19,5.112877583465819,1.0588235294117647,1363,2.166931637519873,33.96,-117.32
2.7083,16,5.1187845303867405,1.0773480662983426,1013,2.798342541436464,37.79,-121.27
5.7843,5,5.923990498812351,0.9833729216152018,1416,3.3634204275534443,32.78,-115.58
4.3375,31,6.240121580547113,1.0212765957446808,867,2.635258358662614,37.7,-122.09
5.2088,52,5.760080645,0.9455645161290323,1431,2.8850806451612905,37.73,-122.46
2.5625,35,6.966101694915254,1.2542372881355932,193,3.2711864406779663,37.96,-121.18
3.0119,22,3.7720090293453725,1.0835214446952597,1005,2.2686230248306996,34.15,-118.12
4.5032,11,6.3,1.0185185185185186,2456,3.0320987654320986,39.82,-121.87
8.8666,25,6.981132075471698,1.0896226415094339,1560,2.452830188679245,34.06,-118.58
3.2589,42,4.215116279069767,1.063953488372093,493,2.866279069767442,33.88,-118.34
2.8892,42,4.681578947368421,1.1342105263157896,1507,3.9657894736842105,33.95,-118.35
6.6704,25,6.829317269076305,1.0220883534136547,1503,3.0180722891566263,33.88,-117.99
4.1883,15,5.341908713692946,1.0771784232365145,2805,2.327800829875519,33.96,-117.34
3.0592,28,5.378516624040921,1.0792838874680306,1167,2.9846547314578005,38.07,-121.25
3.1028,17,5.137254901960785,1.0924369747899159,1253,3.5098039215686274,34.08,-117.48
1.9423,29,4.689458689458689,1.1139601139601139,1296,3.6923076923076925,34.14,-117.33
4.6905,52,5.751173708920188,1.0156494522691706,1553,2.430359937402191,37.98,-122.58
5.1727,35,5.463414634146342,0.989159892,1083,2.934959349593496,33.86,-118.3
4.3214,18,5.645645645645645,1.2612612612612613,681,2.045045045045045,34.15,-118.42
3.2813,31,6.162679425837321,1.0956937799043063,1306,3.124401913875598,36.8,-119.69
2.8942,26,4.718181818181818,1.0393939393939393,1948,2.9515151515151516,32.73,-117.09
4.5568,36,5.750561797752809,1.053932584269663,1358,3.051685393258427,34.2,-118.57
6.1181,18,6.7416201117318435,1.0027932960893855,2471,3.451117318435754,33.7,-117.94
4.125,9,6.655581947743468,1.1187648456057007,1155,2.7434679334916865,33.52,-116.96
1.3125,13,3.4217252396166136,1.159744408945687,3806,3.0399361022364215,34.07,-118.45
1.6767,30,4.087947882736156,0.9674267100977199,779,2.537459283387622,38.05,-122.25
2.4464,25,5.803951367781155,1.0668693009118542,1983,3.013677811550152,39.23,-121.83
2.2045,41,5.122222222222222,1.1888888888888889,284,3.1555555555555554,39.48,-121.55
2.9167,43,4.64,1.216,393,1.572,34.01,-118.47
5.5944,19,6.240143369175628,1.053763440860215,632,2.2652329749103943,37.24,-121.94
2.6997,52,4.0627450980392155,1.0627450980392157,1623,2.1215686274509804,37.83,-122.28
4.8068,44,4.554817275747508,0.8737541528239202,589,1.956810631229236,37.47,-122.19
7.672,42,5.958525346,0.9861751152073732,459,2.1152073732718892,34.15,-118.43
4.6719,32,5.037815126,0.9621848739495799,814,3.4201680672268906,37.36,-121.98
3.0568,19,4.267898383371825,0.9884526558891455,1130,2.6096997690531176,38.47,-122.67
2.8068,24,4.391203703703703,0.9814814814814815,2225,2.5752314814814814,38.68,-121.79
3.2484,16,4.339915373765868,1.0338504936530324,1447,2.0409026798307477,38,-122.04
2.1013,9,4.148148148148148,1.028395061728395,2041,2.5197530864197533,38.02,-121.95
3.5385,14,5.611510791366906,1.0701438848920863,1569,2.8219424460431655,39.32,-120.94
2.9048,32,5.809859154929577,1.102112676056338,802,2.823943661971831,38.9,-121.52
3.5,7,3.8897196261682243,1.2280373831775702,1456,2.721495327102804,34.21,-118.46
2.2804,42,3.828009828009828,1.1253071253071254,1227,3.0147420147420148,32.72,-117.14
3.9722,38,5.292878635907723,1.0110330992978938,2695,2.703109327983952,37.65,-122.44
2.7717,52,3.914396887159533,1.132295719844358,445,1.7315175097276265,37.8,-122.44
2.8036,46,4.053333333333334,1.072,815,2.1733333333333333,37.89,-122.3
8.155,16,7.282798833819242,0.9620991253644315,1027,2.9941690962099123,37.8,-121.98
5.4847,36,5.735562310030395,1.0911854103343466,761,2.313069909,34.17,-118.59
2.6094,38,5.197183098591549,1.0528169014084507,1491,2.625,35.42,-119.03
4.9676,34,5.4309927360774815,1.0750605326876512,973,2.3559322033898304,34.02,-118.42
5.9582,38,6.4534412955465585,1.008097165991903,633,2.562753036437247,34.16,-118.04
7.4351,18,8.448369565,1.361413043478261,949,2.578804347826087,32.83,-117.24
1.1301,14,4.278409090909091,1.0795454545454546,1096,3.1136363636363638,37.06,-120.84
8.7477,52,9,1.1340782122905029,556,3.106145251396648,37.82,-122.23
3.8194,34,5.034129692832765,1.0887372013651877,698,2.3822525597269624,33.93,-117.94
2.9973,19,4.914330218068536,0.8909657320872274,2482,3.866043613707165,34.07,-117.46
5.345,32,5.135416666666667,0.9965277777777778,830,2.8819444444444446,34.38,-119.74
8.5759,32,6.751412429378531,0.9491525423728814,810,2.288135593220339,37.98,-122.53
1.3343,22,3.6855845629965946,0.9750283768444948,4179,4.743473325766175,36.72,-119.75
1.9688,44,3.561403509,1.0935672514619883,1175,3.435672514619883,34.02,-118.16
1.2575,26,3.8875,1.1392857142857142,1971,3.5196428571428573,38.52,-121.47
4.7235,33,4.890824622531939,1.0662020905923344,2389,2.7746806039488967,37.31,-122
3.2614,27,5.947103274559194,1.1309823677581865,1782,4.488664987405541,36.99,-121.54
5.2815,30,6.392434988179669,1.0070921985815602,1289,3.0472813238770686,33.69,-117.91
2.5562,34,3.1692913385826773,1.0098425196850394,2050,4.035433070866142,34.05,-118.02
3.5507,4,7.327988338,1.161807580174927,1869,2.7244897959183674,34.59,-117.24
4.3468,33,4.639815880322209,0.998849252,1695,1.9505178365937859,34.15,-118.41
2.3147,18,4.626865671641791,1.0298507462686568,941,2.808955223880597,40.94,-124.08
3.1875,31,5.462184874,1.072829131652661,870,2.436974789915966,34.17,-118.57
2.16,29,4.958456973293768,1.0919881305637982,821,2.43620178,35.04,-118.15
1.7308,26,4.9294710327455915,1.0806045340050379,945,2.380352644836272,39.52,-121.56
3.5833,39,5.279220779220779,1.2012987012987013,344,2.2337662337662336,33.98,-118.36
4.2098,35,5.673151750972763,1.0194552529182879,723,2.813229571984436,32.79,-117.13
1.899,39,3.601173020527859,1.1114369501466275,851,2.495601173020528,34.96,-120.44
4.3977,49,5.8047138047138045,0.9932659932659933,795,2.676767676767677,37.76,-122.49
3.5735,30,4.782089552238806,0.9611940298507463,1130,3.373134328358209,32.82,-115.37
2.2679,50,5.185667752442996,1.211726384364821,781,2.543973941368078,39.21,-122.01
4.0625,52,3.6451612903225805,0.9301075268817204,791,4.252688172043011,34.11,-118.2
4.7813,21,5.248995983935743,0.9477911646586346,586,2.353413654618474,37.63,-122.04
3.5655,38,5.153846153846154,0.9698996655518395,861,2.879598662207358,34.08,-117.41
3.8534,32,5.599009900990099,1.0297029702970297,1156,2.8613861386138613,37.77,-120.96
4.5395,21,5.866253321523472,1.0664304694419842,3193,2.828166519043401,33.84,-118.04
3.125,39,4.380281690140845,0.9964788732394366,886,3.119718309859155,34.03,-118.46
4.125,26,4.4796875,1.0484375,1955,3.0546875,34.21,-118.43
2.8295,52,4.94025974,1.0545454545454545,1233,3.2025974025974024,34.03,-118.31
2.875,20,4.767676767676767,1.0378787878787878,826,2.085858585858586,38.25,-122.62
1.7774,23,3.6368989205103044,1.085377821393523,3785,3.7144259077526987,38,-121.3
3.2158,11,4.781059063136456,0.9725050916496945,2065,2.1028513238289204,34.27,-119.22
2.6048,17,6.130620985010706,1.423982869379015,715,1.531049250535332,33.02,-117.07
3.8088,27,4.345394736842105,1.125,2665,1.7532894736842106,34.08,-118.39
2.5395,25,4.970588235294118,1.2379679144385027,1070,2.8609625668449197,34.05,-117.68
2.1548,23,3.696485623003195,0.987220447,640,2.0447284345047922,32.61,-117.09
6.9682,15,6.285714285714286,0.9183673469387755,408,2.0816326530612246,37.68,-121
5.9345,23,7.287625418060201,1.0301003344481605,926,3.096989966555184,37.69,-121.91
2.1042,16,24.5,6.071428571428571,29,2.0714285714285716,33.82,-116.5
3.055,6,5.528,1.0346666666666666,826,2.2026666666666666,38.52,-122.76
5.0118,34,6.258865248,1.0070921985815602,772,2.7375886524822697,32.82,-116.92
3.1538,39,5.072463768115942,1.0483091787439613,895,4.323671497584541,33.92,-118.2
1.25,36,4.568047337278107,1.0710059171597632,1938,3.8224852071005917,33.95,-118.24
6.6635,14,7.500807754,1.0250403877221326,3565,2.879644588045234,33.94,-117.37
4.0327,5,5.283908045977012,1.2310344827586206,1916,2.2022988505747128,35.35,-119.1
2.875,42,4.284263959390863,1.0609137055837563,2038,3.448392555,33.95,-118.36
5.5693,38,7.263888888888889,1.1111111111111112,226,3.138888888888889,37.99,-121.23
3.0405,43,4.6657142857142855,1.0142857142857142,837,2.3914285714285715,33.87,-118.12
4.537,33,4.556989247311828,1.1268817204301076,872,1.875268817204301,33.74,-118.1
12.3767,27,7.737037037037037,1.1222222222222222,654,2.422222222222222,34.12,-118.42
3.8621,42,3.967889908256881,0.9541284403669725,811,3.720183486238532,33.81,-118.27
5.2769,18,6.135549872122762,0.9948849104859335,1131,2.8925831202046037,38.36,-122.81
2.3098,39,3.7824074074074074,1.001543209876543,2536,3.9135802469135803,34.07,-118.04
3.5541,20,3.8488372093023258,1.0465116279069768,857,1.9930232558139536,37.64,-122.06
3.1964,16,4.312594840667678,1.0515933232169954,4203,3.1889226100151746,37.3,-121.83
2.7188,20,5.443946188340807,1.1076233183856503,504,2.2600896860986546,38.93,-122.89
3.4741,17,5.481149012567325,1.0682226211849193,1434,2.5745062836624775,38.41,-122.07
2.3516,21,4.540983606557377,0.9918032786885246,426,3.4918032786885247,35.97,-119.42
2.8661,36,4.645468998410175,1.0365659777424483,2392,3.8028616852146264,34.07,-117.77
3.016,32,4.2,0.8987012987012987,1153,2.994805194805195,34,-117.42
3.5833,50,4.3386004514672685,0.963882619,1049,2.3679458239277653,37.78,-122.5
2.9583,20,5.490566037735849,1.100628931,422,2.6540880503144653,34.92,-118.27
3.4676,21,4.327981651376147,1.0466360856269112,3188,2.437308868501529,34.18,-118.87
3.8672,42,4.416666666666667,0.9824561403508771,776,3.4035087719298245,33.9,-118.07
6.5743,10,7.072864322,1.0829145728643217,1181,2.9673366834170856,33.72,-117.77
2.8906,33,4.3408284023668635,1.026035503,2368,2.8023668639053256,33.89,-118.13
3.6995,13,4.94212963,0.9930555555555556,779,1.8032407407407407,38.69,-121.3
3.1979,20,5.186676994577847,1.027110766847405,3687,2.8559256390395045,32.83,-116.99
3.9028,35,5.713761467889908,1.0697247706422017,1974,3.622018348623853,34.69,-118.16
3.8589,16,5.267605633802817,1.0492957746478873,778,2.73943662,38.36,-123.02
6.1872,19,7.415686274509804,1.0431372549019609,678,2.6588235294117646,38.66,-121.27
5.27,26,5.721100917431193,0.9688073394495413,1546,2.836697247706422,34.12,-117.82
2.4038,46,3.6126543209876543,1.0848765432098766,2371,3.6589506172839505,34.07,-118.26
3.9728,12,4.938574938574939,1.0368550368550369,784,1.9262899262899262,37.05,-122.03
2.7143,34,3.55,0.9763157894736842,1716,4.515789473684211,33.79,-118.25
3.6719,52,5.465753424657534,1.0753424657534247,1024,3.506849315068493,34.16,-118.13
4.6731,36,4.945454545454545,0.9854545454545455,909,3.3054545454545456,33.91,-118.06
2.5685,26,4.517777777777778,1.028888888888889,618,1.3733333333333333,33.61,-117.72
2.621,28,4.790152403282533,1.0211019929660023,1973,2.313012895662368,34.1,-117.76
4.2216,17,5.606080634500992,1.0508922670191672,3362,2.2220753469927295,38.51,-121.54
2.3152,10,3.4055944055944054,1.1048951048951048,631,2.2062937062937062,37.97,-122.04
4.849,7,6.618212197159566,1.2046783625730995,2863,2.391812865497076,35.15,-120.64
2.8942,27,5.229166666666667,1,470,2.4479166666666665,38.13,-121.3
3.2687,22,4.728888888888889,1.06,1420,3.1555555555555554,32.58,-117.08
4.5208,32,4.606459330143541,1.076555023923445,1456,1.7416267942583732,34.03,-118.49
6.0842,18,7.675,1.05,368,3.066666666666667,38.26,-121.99
4.1429,39,4.732793522267206,0.979757085,612,2.477732793522267,34.19,-118.41
2.1731,29,5.086956521739131,1.0031055900621118,942,2.9254658385093166,36.29,-119.12
3.1306,45,4.347626339969372,1.0689127105666156,1768,2.7075038284839206,34.12,-118.26
2.6375,19,3.4441717791411044,1.0834355828220859,1546,1.8969325153374232,33.92,-118.36
4.25,37,5.346067415730337,1.0382022471910113,1327,2.9820224719101125,33.93,-118.32
7.5,15,8.579281183932347,1.080338266384778,1580,3.3403805496828753,32.78,-116.91
4.2065,52,5.6826484018264845,0.997716895,1101,2.5136986301369864,34.16,-118.11
2.1976,52,4.590322580645161,1.1370967741935485,1519,2.45,38.11,-122.25
5.2067,21,5.695652173913044,1.020703933747412,1432,2.9648033126293996,34.29,-118.71
3.455,34,4.415233415233415,0.9705159705159705,1162,2.8550368550368552,38.31,-122.3
4.5,36,6.332185886402754,1.0550774526678142,1366,2.351118760757315,37.66,-121.01
2.3042,36,4.461538461538462,1.1418269230769231,822,1.9759615384615385,32.75,-117.24
3.6726,38,4.221843003412969,1.0170648464163823,1073,3.6621160409556315,34.29,-118.43
1.1576,44,3.279620853080569,0.976303318,398,1.886255924170616,40.87,-124.09
3.0132,44,4.905660377,1.0943396226415094,392,3.698113208,33.93,-118.36
3.7697,13,5.528662420382165,0.9968152866242038,993,3.162420382165605,36.79,-119.69
3.8024,18,5.105882352941176,0.9949579831932773,1904,3.2,32.82,-116.95
1.7614,21,4,1.0564516129032258,511,4.120967741935484,35.35,-118.98
3.058,34,5.366228070175438,1.1030701754385965,1077,2.361842105263158,38.62,-121.36
2.8493,23,5.090311986863711,0.9901477832512315,1515,2.4876847290640396,35.31,-120.84
3.6094,29,4.930434782608696,1.0826086956521739,2331,3.378260869565217,34.09,-118.01
8.3837,6,8.063268892794376,1.055360281195079,3637,3.195957820738137,37.18,-121.84
9.0243,14,7.876106194690266,0.9911504424778761,764,3.3805309734513274,37.92,-121.99
11.1228,17,8.586705202312139,1.0115606936416186,1180,3.4104046242774566,33.83,-117.8
5.3154,18,5.4574898785425106,0.9635627530364372,631,2.554655870445344,34.66,-120.11
1.7333,19,5.425196850393701,1.125984251968504,355,2.795275590551181,40.45,-120.36
4.7143,35,6.103092783505154,1.0309278350515463,572,2.948453608247423,37.65,-122.09
4.4561,12,6.094874591057797,1.0261723009814614,3018,3.2911668484187566,35.41,-119.12
1.0714,31,3.012323943661972,1.216549295774648,1092,1.9225352112676057,33.77,-118.19
6.5778,46,6.561194029850746,1.0507462686567164,839,2.5044776119402985,33.97,-118.39
3.5938,44,5.047970479704797,1.022140221402214,899,3.3173431734317345,33.92,-118.16
4.4886,21,6.451193059,1.0737527114967462,1313,2.8481561822125814,37.5,-120.82
3.1642,24,3.2353966870095903,1.0392327811682651,1764,1.5379250217959894,34.03,-118.41
6.4967,15,6.180904522613066,1.1231155778894473,1049,2.635678391959799,33.66,-117.82
7.2909,14,6.176136363636363,0.9375,365,2.0738636363636362,36.82,-119.83
2.6629,37,5.009615384615385,0.9855769230769231,589,2.831730769230769,32.74,-117.07
5.5224,23,5.3669950738916254,1.041871921182266,1338,3.2955665024630543,34.19,-118.87
4.2875,30,8.119205298013245,1.3576158940397351,380,2.5165562913907285,32.96,-117.3
6.5356,15,5.233333333333333,0.9733333333333334,747,1.66,33.66,-117.83
3.6797,20,5.348017621145375,1.0418502202643172,1145,2.5220264317180616,36.97,-122.05
5.2541,5,5.469879518072289,1.0860585197934596,1467,2.5249569707401034,33.8,-117.69
6.8869,6,7.382384532760472,1.0300751879699248,2354,2.5284640171858217,38.51,-121.06
3.8837,32,5.5597189695550355,1.053864168618267,1580,3.700234192037471,34.07,-117.89
3.5625,14,5.769349845201238,1.0603715170278638,1741,2.695046439628483,38.41,-121.37
1.9704,35,3.504012841091493,1.0208667736757624,3504,5.624398073836276,34.2,-119.16
2.1927,29,2.9446460980036298,1.0798548094373865,3906,3.544464609800363,34.09,-118.3
2.6629,33,4.9529085872576175,1.263157894736842,1787,4.950138504155125,34.12,-117.9
3.5625,27,4.0551378446115285,1.0426065162907268,2230,2.7944862155388472,37.36,-121.95
5.6739,14,7.896272285251215,1.0632090761750406,2085,3.379254457050243,36.82,-119.64
5.0165,35,6.035714285714286,1.2969924812030076,2755,2.5892857142857144,37.17,-122.16
2.6538,9,4.203278689,1.0950819672131147,1176,3.855737704918033,37.75,-122.41
4.2224,6,6.399267399,1.0265567765567765,3660,3.3516483516483517,34.39,-117.27
2.5625,30,4.949367088607595,1.1962025316455696,1988,4.194092827004219,34.14,-117.99
11.0546,25,8.180722891566266,1.0120481927710843,796,3.1967871485943773,33.76,-117.79
3.6094,47,5.820338983050847,1.064406779661017,868,2.942372881355932,34.19,-118.15
4.0048,16,5.987096774193549,1.0064516129032257,1458,3.1354838709677417,32.82,-116.92
2.3605,39,4.005012531328321,1.1478696741854637,1691,4.238095238095238,33.79,-118.21
2.7409,41,4.513978494623656,1.0150537634408603,1369,2.944086021505376,34.05,-118.34
5.6306,5,5.958393113342898,1.0315638450502151,2435,3.4935437589670015,37.33,-121.76
1.808,26,3.925120773,1.0628019323671498,533,1.287439614,33.76,-118.09
4.4,25,7.230215827,1.143884892086331,390,2.805755395683453,37.7,-120.94
2.4583,50,4.667377398720682,0.9808102345415778,1097,2.3390191897654584,34,-118.32
2.425,40,4.950391644908616,1.0861618798955615,950,2.480417754569191,33.74,-118.3
3.8047,13,4.079741379310345,1.0495689655172413,1018,2.1939655172413794,37.26,-121.88
4.2672,23,5.251252086811352,1.0592654424040067,2818,2.352253756260434,37.74,-122.44
6,25,7.760598503740648,1.084788029925187,1098,2.7381546134663344,33.78,-118.05
2.625,43,3.5346820809248554,1.1040462427745665,1699,2.4552023121387285,33.98,-118.04
3.512,18,5.081601231716705,1.073903002309469,3562,2.742109314857583,36.71,-121.77
4.2569,23,5.643659711075442,1.0609951845906902,1465,2.351524879614767,37.94,-122.02
4.8229,23,6.351618705035971,1.0575539568345325,3100,2.787769784172662,34.12,-117.81
3.2188,31,4.511700468018721,1.0686427457098284,2104,3.282371294851794,37.97,-122.35
3.0321,32,4.292242295430393,1.0456960680127525,2675,2.842720510095643,34.23,-118.53
3.6987,42,5.296943231441048,1.1746724890829694,628,2.7423580786026203,33.87,-118.19
5.2909,52,6.051724137931035,1.0718390804597702,743,2.1350574712643677,37.79,-122.46
2.4574,17,4.724271844660194,1.025242718446602,2371,2.3019417475728154,38.66,-121.37
8.1132,45,6.879056047,1.0117994100294985,943,2.781710914454277,34.18,-118.23
3.9417,42,5.074850299401198,1.032934131736527,719,2.1526946107784433,37.94,-122.33
1.6579,32,5.4491525423728815,1.1483050847457628,694,2.940677966101695,40.45,-122.3
3.7167,29,5.017953321364453,1.0269299820466786,1469,2.637342908438061,33.8,-118.31
2.3713,18,3.526605504587156,1.0293577981651376,1096,2.0110091743119267,37.35,-121.94
3.5694,41,5.037936267,1.0819423368740515,1236,1.8755690440060697,34.16,-118.05
3.821,39,4.5353625783348255,1.1566696508504923,1915,1.7144136078782453,33.55,-117.79
3.3482,41,4.078947368421052,1.0526315789473684,711,2.338815789473684,34.03,-118.45
8.3792,15,8.100740741,1.0014814814814814,2221,3.29037037,37.21,-121.84
5.753,14,6.0710227272727275,0.9801136363636364,1151,3.2698863636363638,34.03,-117.66
3.7237,15,4.695906432748538,1.0964912280701755,784,2.2923976608187133,32.8,-117.13
1.8689,25,4.360169491525424,1.0169491525423728,2529,3.5720338983050848,38.52,-121.41
8.093,29,7.995505617977528,1.0044943820224719,1097,2.465168539325843,32.77,-116.98
2.3929,30,3.340086830680174,0.975397974,3034,4.3907380607814765,34.07,-118.06
2.2417,30,3.420135527589545,1.027105517909003,2678,2.5924491771539206,33.85,-118.19
3.4047,26,4.481052631578947,1.085263157894737,1861,1.9589473684210525,34.44,-119.74
3.8275,32,5.152400835073069,1.1524008350730688,1190,2.4843423799582465,33.97,-118.03
5.1412,18,6.429672447013488,1.0578034682080926,1449,2.791907514450867,37.05,-122.11
4.4875,52,5.210016155088853,1.0775444264943457,1494,2.4135702746365104,37.77,-122.44
2.1667,42,5.173076923076923,1.0288461538461537,200,1.9230769230769231,36.96,-122.04
7.5372,28,6.683297180043384,0.9978308026030369,1260,2.7331887201735356,37.34,-122.04
5.4895,13,7.926356589147287,1.1149870801033592,2473,3.195090439276486,36.83,-119.58
4.9489,45,6.102739726027397,1.0616438356164384,384,2.6301369863013697,37.75,-122.24
1.4766,36,4.164383561643835,0.9863013698630136,842,3.8447488584474887,36.76,-119.74
4,36,5.6298076923076925,1.0480769230769231,1191,2.862980769230769,37.97,-122.02
3.8247,33,4.827160493827161,1.0345679012345679,2097,2.588888888888889,34.21,-118.55
4.0208,52,5.395833333333333,1.0277777777777777,362,2.513888888888889,37.28,-121.95
2.4922,21,3.430939226519337,0.9392265193370166,834,2.303867403314917,36.61,-121.92
3.0448,30,4.577568134171908,1.0828092243186582,2524,2.6457023060796647,34.12,-117.85
3.0982,18,4.7700258397932815,1.082687338501292,1581,4.0852713178294575,33.21,-117.24
3.4531,41,5.105154639175257,1.043298969072165,1271,2.620618556701031,34.22,-118.24
1.9531,41,3.826530612244898,1.1020408163265305,323,3.295918367346939,37.94,-121.31
3.1497,26,4.404384896467723,1.0864799025578562,2257,2.749086479902558,33.83,-118.02
4.0179,42,5.13681592,1.0049751243781095,1313,3.2661691542288556,34.1,-118.05
4.8194,45,5.197860962566845,0.9679144385026738,554,2.962566844919786,34.21,-118.4
2.8833,45,4.7153846153846155,1.073076923076923,590,2.269230769230769,37.94,-122.33
2.1875,39,5.217391304347826,1.0499194847020934,1467,2.362318841,40.42,-120.65
5.4781,27,6.382413087934561,1.0858895705521472,1318,2.6952965235173822,38.01,-122.53
3.6471,19,6.479338842975206,0.9628099173553719,1631,3.3698347107438016,37.32,-120.45
4.2578,36,5.258823529411765,1.1176470588235294,2886,33.95294117647059,33.94,-117.63
2.5726,41,3.8424015009380863,1.127579737335835,852,1.598499061913696,33.77,-118.18
3.2404,27,4.035984848484849,1.0284090909090908,1065,2.0170454545454546,34.23,-118.53
6.0441,35,6.633507853403142,1.130890052356021,521,2.7277486910994764,33.88,-118.39
3.8125,39,4.487012987012987,1.0227272727272727,1090,3.538961038961039,34.07,-118.04
4.517,21,5.749303621169917,0.9526462395543176,1021,2.8440111420612815,38.03,-121.09
4.0625,23,5.180451127819549,1.0112781954887218,767,2.8834586466165413,32.85,-116.92
0.8702,11,3.7172619047619047,0.9315476190476191,625,1.8601190476190477,34.02,-118.33
4.4063,20,5.900560224089636,1.0518207282913166,2071,2.9005602240896358,38.03,-121.34
6.1561,12,10.043859649122806,1.3991228070175439,728,3.192982456140351,33.92,-117.53
2.913,31,4.560669456066946,1.0502092050209204,955,3.9958159,34.04,-118.33
3.9485,52,5.440251572327044,1.0352201257861635,1927,2.4238993710691825,34.1,-118.15
4.0234,52,4.9605263157894735,0.9144736842105263,1138,3.7434210526315788,37.71,-122.43
3.8672,36,5.769565217391304,0.908695652,613,2.6652173913043478,38.6,-121.42
2.2244,24,4.706635622817229,1.108265424912689,2174,2.530849825378347,34.06,-117.66
9.0776,5,7.9140022050716645,0.9900771775082691,2823,3.1124586549062845,37.81,-121.95
1.4598,40,4.629539952,1.062953995157385,1015,2.457627118644068,35.42,-119.02
3.9519,50,5.439330543933054,1.100418410041841,691,2.8912133891213387,38.01,-122.12
4.3088,34,5.896358543417367,0.9523809523809523,973,2.7254901960784315,32.75,-117.01
1.8333,48,5.72,1.1714285714285715,605,3.4571428571428573,38.54,-121.46
2.065,19,4.3273415326395455,1.0898770104068118,3045,2.880794701986755,32.8,-116.96
5.6485,26,7.629787234042553,1.0382978723404255,653,2.7787234042553193,38.57,-121.36
4.3281,49,5.825622775800712,1.0818505338078293,729,2.5943060498220643,37.76,-122.49
3.9727,33,4.531972789115646,1.0571428571428572,1695,2.306122448979592,33.98,-118.41
4.8542,29,5.549618320610687,0.9007633587786259,724,2.763358778625954,33.79,-117.83
3.2768,40,5.469135802469136,1.1388888888888888,1122,3.462962962962963,33.92,-118.24
2.55,52,6.008771929824562,1.131578947368421,617,2.706140350877193,39.15,-123.21
6.1159,52,6.855614973262032,1.0106951871657754,431,2.304812834224599,34.14,-118.08
1.7463,19,7.612149533,1.8037383177570094,551,2.574766355140187,39.3,-122.51
5.273,27,5.399355877616747,1.0515297906602254,1571,2.529790660225443,37.34,-121.99
6.4524,25,6.925925925925926,0.9290123456790124,937,2.8919753086419755,37.67,-121.88
3.6875,22,4.510948905109489,1.0583941605839415,413,1.5072992700729928,37.39,-122.06
2.7813,33,4.799331104,1.0769230769230769,1298,4.341137124,33.9,-118.2
4.3317,43,4.729903536977492,0.9678456591639871,767,2.4662379421221865,33.79,-118.12
1.5156,52,2.1691842900302114,1.1148036253776434,1688,2.5498489425981874,37.79,-122.41
5.0346,10,7.106598984771574,1.0761421319796953,2573,3.265228426395939,33.88,-117.36
3.7159,52,5.788643533123029,1.0410094637223974,777,2.451104100946372,34.17,-118.12
4.6458,9,5.214793741,1.0113798008534851,2341,3.330014224751067,37.61,-121.99
1.625,34,4.8259668508287294,1.091160220994475,935,2.5828729281767955,37.96,-120.24
4.0625,44,5.109693878,0.9948979591836735,1291,3.2933673469387754,34.03,-118.14
2.2845,41,3.897887323943662,0.9683098591549296,1213,2.13556338,37.86,-122.28
3.5536,26,6.680365296803653,1.1917808219178083,699,3.191780821917808,36.34,-119.63
3.7844,4,3.958795562599049,1.2282091917591125,1213,1.9223454833597464,37.25,-121.87
3.712,21,6.373333333333333,1.0566666666666666,1818,3.03,38.66,-121.3
3.0481,3,4.2090452261306535,1.1417085427135678,2081,2.091457286432161,38.59,-121.28
4.1282,7,5.144516129032258,1.0987096774193548,2904,1.8735483870967742,33.11,-117.31
4.0208,52,5.169683257918552,0.9841628959276018,1211,2.739819004524887,37.74,-122.48
6.0436,46,5.131736526946108,1.001996007984032,1225,2.4451097804391217,34.02,-118.46
4,31,4.691666666666666,1.0055555555555555,705,1.9583333333333333,34.17,-118.61
3.152,21,4.4875,1.015,2246,5.615,33.71,-117.86
4.9205,31,5.820359281437126,1.026946107784431,975,2.9191616766467066,37.25,-121.91
1.4952,42,5.00990099,1.2640264026402641,656,2.165016501650165,39.88,-123.71
4,13,6.40952381,1.119047619047619,1302,3.1,38.71,-120.87
3.055,41,4.119891008174387,1.0899182561307903,1690,4.604904632152588,33.96,-118.2
4.8214,35,5.131707317073171,1.0585365853658537,1225,2.9878048780487805,37.72,-122.41
3.4038,29,5.881443298969073,1.134020618556701,684,3.5257731958762886,32.99,-115.41
1.4097,37,4.017991004497751,1.103448275862069,1925,2.886056971514243,37.76,-122.2
2.761,42,3.1387900355871885,1.0391459074733096,1248,4.4412811387900355,34.03,-118.17
5.422,13,6.287610619469026,1.0587863463969658,4071,2.5733249051833123,33.69,-117.9
3.5333,15,3.559498956158664,0.9979123173277662,759,1.5845511482254697,33.9,-117.88
4.3846,46,5.138554217,1.0160642570281124,1562,3.1365461847389557,37.71,-122.45
3.1625,16,5.992346939,1.1377551020408163,1302,3.3214285714285716,37.68,-120.97
2.5933,52,3.758765778401122,1.0378681626928472,1587,2.225806451612903,37.76,-122.47
2.3359,40,4.47976012,1.0344827586206897,2144,3.214392803598201,34.02,-118.13
2.7757,17,5.267948717948718,1.1333333333333333,2544,3.2615384615384615,34.11,-117.43
2.375,35,4.440329218106996,1.0164609053497942,1055,4.341563786008231,33.9,-118.24
2.2054,47,5.271293375394322,1.223974763,895,2.823343848580442,34,-118.33
3.744,30,4.203488372093023,1.119186046511628,650,1.8895348837209303,32.8,-117.26
2.9375,31,4.514705882352941,1.0852941176470587,1291,3.7970588235294116,33.79,-118.27
2.5964,29,3.8279220779220777,1.0162337662337662,1255,4.074675324675325,34.07,-118.1
4.6635,13,6.231527093596059,0.9917898193760263,1639,2.691297208538588,37.51,-120.83
5.103,34,5.90625,0.9744318181818182,1379,3.9176136363636362,33.84,-117.99
2.9815,20,5.954285714285715,1.0457142857142858,509,2.9085714285714284,36.07,-119
10.9891,4,6.296296296296297,0.8518518518518519,93,3.4444444444444446,39,-121
4.7222,36,6.003134796238244,0.9905956112852664,850,2.664576802507837,33.84,-118.1
2.5821,20,3.5811051693404634,1.0873440285204992,1570,1.3992869875222815,38.58,-121.5
2.6722,32,5.339189189189189,1.077027027027027,1916,2.5891891891891894,37.67,-121.02
1.684,41,4.2266288951841355,0.9915014164305949,804,2.2776203966005664,39.14,-121.59
6.2654,17,6.570637119113574,1.005540166204986,3538,3.2668513388734994,34.16,-117.95
3.7171,39,4.7631578947368425,1.0210526315789474,839,2.207894736842105,34.18,-118.45
3,32,4.899135446685879,1.0605187319884726,1487,2.142651296829971,37.7,-122.07
1.5515,37,3.9106796116504854,0.9805825242718447,1787,3.469902912621359,37.62,-120.99
4.1298,19,5.774336283185841,1.0486725663716814,1290,2.853982300884956,37.77,-121.37
4.0294,23,6.105747126436782,1.1839080459770115,998,2.2942528735632184,33.42,-117.62
3.725,35,5.874686717,1.0902255639097744,1531,3.837092731829574,34.24,-118.44
3.1912,20,3.8947368421052633,1.0820073439412485,1770,2.1664626682986534,33.73,-117.99
4.3542,32,7.122186495176849,1.1286173633440515,771,2.4790996784565915,33.95,-117.37
8.0837,25,7.587242026266416,1.0337711069418387,1699,3.1876172607879925,37.3,-122.01
1.0801,28,3.2296918767507004,1.1764705882352942,1043,2.9215686274509802,37.62,-121
3.8792,22,4.715254237288136,1.1457627118644067,810,2.7457627118644066,33.8,-118.07
3.7736,32,4.343283582089552,1.0582089552238807,2583,3.855223880597015,34.07,-117.96
2.6193,28,4.238636363636363,1.0522727272727272,1182,2.6863636363636365,34.27,-118.46
5.3561,29,5.337349397590361,0.9718875502008032,1318,2.646586345381526,37.27,-121.98
4.2926,32,5.407079646017699,1.1026548672566372,1902,3.366371681415929,34.05,-117.93
1.7378,39,3.553775743707094,1.0549199084668193,2271,5.196796338672769,33.98,-118.25
5.0227,9,6.269565217391304,0.9521739130434783,633,2.752173913043478,34.05,-117.15
5.6292,24,6.454954954954955,0.9831081081081081,2444,2.7522522522522523,37.94,-122.04
2.1474,21,4.965156794425087,1.1254355400696865,727,2.533101045296167,38.73,-122.62
2.7231,6,3.6458100558659217,1.1212290502793296,3298,1.8424581005586593,34.16,-118.37
2.5179,18,5.536231884057971,1.855072463768116,194,2.8115942028985508,32.84,-116.28
4.765,23,5.7707182320441985,1.0414364640883977,1085,2.9972375690607733,33.85,-117.98
5.0424,45,5.540350877192982,0.9754385964912281,687,2.4105263157894736,33.83,-118.12
2.7928,48,5.106598984771574,1.0710659898477157,893,2.266497461928934,32.77,-117.12
6.6678,16,7.6923076923076925,1.017094017094017,871,3.7222222222222223,33.88,-117.78
6.155,16,6.998316498316498,0.9865319865319865,2036,3.4276094276094278,33.92,-117.58
4.3875,10,5.648915187376726,1.0138067061143985,1300,2.5641025641025643,37.99,-122.11
4.3333,43,4.726072607260726,1.0165016501650166,782,2.580858085808581,33.99,-118.44
3.9063,43,6.178571428571429,1.2678571428571428,582,2.5982142857142856,38.66,-122.7
4.7188,52,7.068535825545172,1.0062305295950156,805,2.5077881619937696,37.76,-122.23
2.3851,21,6.6,1.2,510,2.914285714285714,39.68,-122.38
3.1406,20,5.484693878,1.0918367346938775,529,2.6989795918367347,40.95,-124.16
3.6583,44,5.534328358208955,1.0955223880597016,976,2.9134328358208954,33.94,-118.31
2.0227,22,4.837837837837838,1.1317567567567568,746,2.52027027,33.87,-117.95
1.9925,18,4.277207392197125,1.0390143737166324,926,1.9014373716632444,38.58,-122.57
4.0833,49,5.603104212860311,1.0221729490022173,1344,2.9800443458980044,33.96,-117.39
5.1271,36,6.026706231454006,1.0059347181008902,817,2.4243323442136497,33.81,-118.37
3.0134,41,3.9130434782608696,0.9285714285714286,1535,4.767080745341615,33.91,-118.18
4.5662,8,6.3076923076923075,1.0179487179487179,1784,4.574358974358974,32.69,-117.03
2.5598,16,5.117808219178082,1.0424657534246575,1942,2.660273973,37.07,-120.83
4.175,36,5.398601398601398,1.0769230769230769,891,3.1153846153846154,34.2,-118.56
3.7313,13,4.696559503666102,1.0428652002256062,4126,2.327129159616469,34.21,-118.56
8.1489,18,6.600817438692098,1.0013623978201636,1634,2.226158038147139,37.89,-122.18
3.5857,4,4.799764428739694,1.0918727915194346,2239,2.6372202591283864,38,-121.86
9.6465,5,7.902474526928676,0.9679767103347889,2315,3.3697234352256187,34.21,-118.65
3.5234,52,4.5770750988142295,1,528,2.0869565217391304,33.99,-118.46
4.317,32,4.369318181818182,0.9337121212121212,1754,3.321969696969697,33.88,-118.29
3.5611,12,6.175373134328358,1.0845771144278606,2191,2.7251243781094527,36.23,-119.34
2.025,52,8.375,1.8333333333333333,130,5.416666666666667,33.98,-117.37
3.3725,16,3.9818031430934657,1.142266335814723,1897,1.5690653432588917,34.07,-118.38
4.4821,38,4.811377245508982,1.0089820359281436,1130,3.3832335329341316,33.81,-118.27
2.0817,40,4.565683646112601,0.9705093833780161,1208,3.2386058981233243,37.95,-121.25
4.475,36,5.452736318,1.0149253731343284,569,2.8308457711442787,33.91,-118.14
3.0911,27,5.5285087719298245,1.0614035087719298,1307,2.866228070175439,37.36,-120.6
1.7257,39,5.068354430379747,1.0531645569620254,1166,2.9518987341772154,37.93,-122.35
2.7216,32,5.366594360086768,1.0824295010845988,1224,2.6550976138828633,33.12,-117.07
2.1058,41,4.481632653061224,1.0775510204081633,1178,4.808163265306122,34.05,-118.19
5.3254,32,5.786259541984733,1.0330788804071247,982,2.4987277353689565,34.29,-119.27
4.8359,25,6.602316602316602,1.111969111969112,799,3.0849420849420848,38,-121.83
3.475,6,6.352941176470588,1.0588235294117647,43,2.5294117647058822,33.53,-117.19
9.2298,25,7.237676056338028,0.9471830985915493,1585,2.790492957746479,37.31,-122.05
2.3611,41,4.561001042752868,1.0834202294056308,2387,2.489051094890511,38.74,-121.3
4.9537,52,6.504409171075838,1.128747795414462,1605,2.8306878306878307,37.74,-122.47
2.3319,15,5.488745980707395,1.0707395498392283,2097,3.3713826366559485,32.68,-115.48
3.3512,32,4.224308300395257,1.0484189723320159,2812,2.7786561264822134,34.1,-118.07
5.411,5,5.137037037037037,0.8740740740740741,855,3.1666666666666665,34,-117.66
2.5707,38,5.511494252873563,1.0459770114942528,745,2.1408045977011496,38.35,-122
3.3478,42,5.795081967213115,1.1229508196721312,629,2.5778688524590163,37.69,-122.08
2.7443,31,4.1117647058823525,1.0941176470588236,460,2.7058823529411766,37.8,-121.21
2.3456,42,4.3983739837398375,1.2520325203252032,380,3.089430894308943,37.74,-122.18
3.975,22,6.896373056994818,1.5803108808290156,580,3.005181347150259,33.16,-117.35
6.223,10,5.740869565217391,1.031304347826087,2190,3.8086956521739133,37.27,-121.8
4.3879,2,7.105691056910569,1.1504065040650406,2816,2.861788617886179,38.46,-121.35
2.6146,43,5.634408602150538,1,302,3.247311827956989,36.73,-119.89
3.1094,33,4.036474164133739,1.0577507598784195,903,2.744680851,34.14,-117.97
1.6731,14,4.741322314049587,1.062809917355372,4722,3.902479338842975,37.62,-121.02
3.7361,23,5.352,1.042,1456,2.912,38.61,-122.87
6.4865,2,8.052670080468179,1.1331382589612289,4098,2.997805413313826,34.6,-118.16
2.125,39,4.096153846153846,0.8461538461538461,138,2.6538461538461537,34.03,-118.37
5.516,26,7.186900958466453,1.0303514376996805,1866,2.9808306709265175,32.81,-117.01
5.8151,52,6.853448275862069,1.0172413793103448,622,2.6810344827586206,37.75,-122.46
5.5524,21,6.156645569620253,0.9746835443037974,1968,3.1139240506329116,38.11,-122.65
4.7168,11,5.683684794672586,0.9977802441731409,2258,2.5061043285238624,38.55,-121.8
4.1997,17,5.732758620689655,1.0603448275862069,2866,3.0883620689655173,38.66,-121.76
0.7473,22,3.116650987770461,1.1618062088428975,2381,2.239887111947319,34.03,-118.29
3.5179,15,6.145833333333333,1.1412037037037037,1200,2.7777777777777777,39.33,-121.4
2.7368,29,5.181034482758621,0.9913793103448276,2317,3.329022988505747,38.49,-121.5
4.9886,36,5.622222222222222,1.0074074074074073,372,2.7555555555555555,34.2,-118.32
2.2679,32,3.549019607843137,0.9803921568627451,348,3.411764705882353,34.22,-118.38
2.56,34,2.761648745519713,1.0465949820788532,1564,2.802867383512545,37.48,-122.22
4.7143,14,5.757575757575758,0.98989899,839,2.824915824915825,38.94,-121.07
4.5714,29,6.055016181229774,1.0194174757281553,1066,3.4498381877022655,36.27,-119.78
2.3603,27,4.07183908,1.0718390804597702,814,2.339080459770115,32.58,-117.13
2.1071,18,4.641935483870967,1.0290322580645161,699,2.2548387096774194,34.12,-117.23
7.5544,40,7.631498470948012,1.0305810397553516,1616,2.470948012232416,37.83,-122.21
3.2798,45,5.173387096774194,1.0201612903225807,1025,4.133064516129032,33.92,-118.2
5.1163,19,6.225206611570248,1.0475206611570247,1356,2.8016528925619837,34.44,-118.53
1.5872,52,3.5324858757062145,1.0692090395480225,1081,1.5268361581920904,38.58,-121.48
1.2206,20,3.9465408805031448,1.1320754716981132,1201,3.7767295597484276,33.79,-118.18
3.1821,9,5.675156174915906,1.0480538202787122,6716,3.2272945699183087,34.44,-117.35
2.625,34,5.597402597402597,1.103896103896104,391,5.077922077922078,38.67,-121.63
2.2612,36,2.5156418554476807,1.0711974110032363,3155,3.4034519956850056,34.09,-118.3
3.5851,7,5.414443988510464,1.1062782109150595,6763,2.775133360689372,33.94,-117.23
4.6369,44,4.553133514986376,1.0626702997275204,871,2.3732970027247955,33.74,-118.09
7.0175,37,6.982954545454546,1.0284090909090908,420,2.3863636363636362,37.82,-122.2
1.9355,10,5.136554622,1.1050420168067228,1262,2.6512605042016806,36.22,-119.36
3.6641,32,5.614886731391586,1.0711974110032363,785,2.540453074433657,38.53,-122.46
6.2642,48,5.9798994974874375,0.914572864,497,2.4974874371859297,37.73,-122.49
2.5583,31,4.606334841628959,1.1334841628959276,1263,2.8574660633484164,32.75,-117.07
2.1862,36,3.8020833333333335,0.9979166666666667,2097,4.36875,34.04,-118.21
4.0357,17,6.472843450479234,1.0798722044728435,873,2.7891373801916934,40.74,-124.17
4.8603,52,6.776758409785932,1.018348623853211,714,2.183486239,38.55,-121.48
2.0357,39,5.003225806451613,1.1387096774193548,684,2.206451612903226,39.51,-121.55
2.6424,18,5.405479452054794,1.1136986301369862,1899,2.6013698630136988,39.37,-123.38
3.6607,25,4.771084337349397,1.0602409638554218,569,2.285140562248996,33.62,-117.94
4.8269,25,5.351351351351352,0.8972972972972973,522,2.8216216216216217,37,-121.97
3.725,32,6.266272189349112,1.0207100591715976,1019,3.014792899408284,38.68,-121.42
1.5625,21,3.930909090909091,0.9236363636363636,715,2.6,39.4,-123.36
4.1389,19,4.4787234042553195,1.0292553191489362,1224,3.255319149,37.42,-121.91
3.2431,14,52.848214285714285,11.410714285714286,265,2.3660714285714284,37.64,-119.02
5.0762,11,5.915540541,1.0675675675675675,765,2.5844594594594597,35.54,-117.84
4.5795,43,5.866666666666666,1.025,651,2.7125,34.01,-118.44
2.5658,14,4.815483870967742,1.0916129032258064,1277,1.647741935483871,38.29,-122.47
3.0437,33,4.705996131528046,1.0154738878143132,1466,2.8355899419729207,33.92,-117.44
2.148,46,4.273838630806846,1.0464547677261613,1707,4.173594132,34,-118.27
7.3521,32,6.775757575757575,1.0545454545454545,818,2.478787878787879,37.99,-122.54
7.313,35,7.061482820976492,1.0216998191681737,1562,2.824593128390597,37.43,-122.11
3.4184,20,4.721481481481481,1.045925925925926,3690,2.7333333333333334,34.03,-117.69
6.0362,20,5.082959641255606,1.0695067264573992,1941,2.1760089686098656,33.77,-118.12
7.1463,31,6.534632034632034,1.0151515151515151,1349,2.91991342,34.24,-118.24
2.5211,46,3.6847935548841892,1.0755287009063443,4153,4.182275931520644,34.11,-118.2
4.9286,13,6.5285714285714285,1.1311688311688313,1912,2.483116883116883,38.12,-122.58
5.3911,27,5.452586206896552,0.9310344827586207,660,2.8448275862068964,37.24,-121.92
3.2935,35,4.2894736842105265,1.1282894736842106,822,2.7039473684210527,38.44,-122.7
5.828,27,6.090909090909091,0.9963636363636363,785,2.8545454545454545,34.06,-118.16
10,19,5.505592841163311,1.1655480984340045,777,1.738255033557047,33.97,-118.46
1.95,50,4.814814814814815,1.0266666666666666,2300,3.4074074074074074,34,-118.32
13.8093,7,6.517241379310345,0.896551724,84,2.896551724137931,37.31,-122.11
1.9056,25,3.6958424507658645,1.0831509846827134,1745,3.8183807439824946,36.75,-120.38
1.6875,52,4.703225806451613,1.032258064516129,395,2.5483870967741935,37.84,-122.28
1.8932,44,4.782608695652174,0.9948849104859335,1345,3.4398976982097187,34.18,-118.16
3.5556,33,4.951859956236324,1.1181619256017505,1626,3.5579868708971554,33.93,-118.08
1.6896,21,3.527363184079602,1.0912106135986732,1812,3.0049751243781095,32.75,-117.11
2.6103,2,7.30859375,1.59765625,707,2.76171875,37.52,-120.88
3.0714,31,4.231378763866878,1.0491283676703644,1535,2.4326465927099843,34.04,-118.44
2.125,28,5.007017543859649,1.0666666666666667,692,2.4280701754385965,40.53,-122.39
1.7865,19,4.2215189873417724,1.1582278481012658,1048,3.3164556962025316,37.93,-122.35
1.7986,32,3.6473429951690823,0.9903381642512077,681,3.289855072463768,36.68,-119.73
4.7578,31,5.671052631578948,1.0175438596491229,599,2.6271929824561404,32.85,-116.94
3.0536,35,5.318435754189944,0.994413408,480,2.6815642458100557,40.62,-124.18
1.6563,16,5.125,0.9375,542,16.9375,35.34,-120.69
4.9107,33,6.568965517241379,0.9885057471264368,508,2.9195402298850577,34.02,-118.1
3.7067,45,4.843283582089552,1.0970149253731343,1064,3.970149253731343,33.98,-118.34
5.1663,25,6.186153846153847,0.9753846153846154,2178,3.350769230769231,37.25,-121.82
3.682,32,5.453194650817236,1.136701337295691,1986,2.9509658246656763,34.69,-118.13
3.6398,27,5.952702702702703,1.0518018018018018,1455,3.277027027027027,38.21,-121.32
3.8333,34,4.6761904761904765,0.9904761904761905,1025,3.253968253968254,33.92,-117.89
2.5743,9,6.587012987012987,1.2961038961038962,832,2.161038961038961,34.59,-120.14
2.6417,13,5.8215297450424925,1.1997167138810199,1796,2.543909348441926,38.2,-120.57
1.6875,33,3.6095444685466376,0.9869848156182213,1077,2.336225596529284,35.27,-120.66
5.1221,4,6.176178660049628,1.0252274607113316,6945,2.872208436724566,32.75,-116.94
4.6357,4,6.042193026781202,1.0447195553309752,10877,2.7481051035876707,33.15,-117.27
1.9844,32,4,1.0375,991,6.19375,37.48,-122.2
3.48,52,4.757281553398058,1.0679611650485437,689,2.2297734627831716,37.83,-122.26
6.0634,15,5.935275080906149,1.0679611650485437,841,2.721682848,33.68,-117.78
3.8929,19,4.974293059125964,1.025706940874036,1126,2.8946015424164524,34.1,-117.81
1.7841,34,5.171348314606742,0.9943820224719101,1019,2.8623595505617976,37.03,-120.61
5.791,36,5.275,0.95625,373,2.33125,37.34,-121.96
5.4903,23,6.013921113689095,0.9605568445475638,1401,3.2505800464037122,32.85,-117.01
4.7344,29,6.444155844155844,0.9948051948051948,1188,3.085714285714286,34.04,-117.31
2.7321,28,5.043269230769231,1.1298076923076923,705,3.389423076923077,36.85,-121.79
3.7813,30,4.656551724137931,0.993103448,1990,2.7448275862068967,34.12,-118.17
6.9712,5,7.241805635422657,1.0123634272570443,11956,3.437607820586544,34.26,-118.9
4.6184,36,5.760135135135135,1.010135135135135,871,2.9425675675675675,33.95,-118.02
4.8311,15,6.3478260869565215,1.0644122383252819,2240,3.607085346215781,34.03,-117.62
5.9199,25,5.786666666666667,0.9866666666666667,199,2.6533333333333333,34.16,-118.21
4.3194,40,4.734042553,0.9964539007092199,804,2.851063829787234,33.92,-118.15
3.9864,12,5.2558575445173386,0.9831302717900656,2595,2.4320524835988753,37.71,-121.73
1.9386,17,4.406103286384977,1.363849765258216,1288,3.023474178403756,33.2,-117.38
1.7292,33,4.513677811550152,1.1367781155015197,1544,4.693009118541034,36.62,-119.31
4.35,36,5.962343096,1.0251046025104602,573,2.397489539748954,37.95,-122.32
2.6098,23,6.385542168674699,1.0983935742971886,1829,3.6726907630522088,36.18,-119.27
4.175,47,5.344594594594595,1.0382882882882882,990,2.22972973,37.98,-121.3
4.5982,44,5.506849315068493,1.0794520547945206,961,2.632876712328767,34.01,-118.41
2.7079,21,4.857425742574257,1.0257425742574258,1326,2.625742574257426,38.61,-121.33
4.8125,31,4.684331797235023,1.0956221198156681,1532,1.7649769585253456,34.04,-118.49
6.2007,4,5.769570011025358,1.2227122381477398,1690,1.8632855567805953,37.53,-122.26
1.223,30,4.020761246,1.1003460207612457,1207,4.176470588235294,33.98,-118.29
3.0139,35,3.606060606060606,1.2121212121212122,377,3.808080808080808,37.34,-121.92
4.0764,32,4.979716024340771,1.127789046653144,989,2.006085192697769,34.16,-118.36
1.7062,28,4.370967741935484,0.9838709677419355,246,3.967741935483871,34.3,-118.43
2.6324,35,4.173745173745174,1.027027027027027,691,2.667953667953668,32.79,-116.96
4.8021,45,5.927536231884058,1.0434782608695652,340,2.463768115942029,37.74,-121.42
3.25,20,4.720930233,1.1162790697674418,494,2.872093023255814,33.83,-117.94
7.6886,25,6.911949685534591,1.0566037735849056,407,2.559748427672956,33.73,-118.32
2.8882,10,7.8519736842105265,1.582236842105263,863,2.838815789473684,33.68,-116.3
2.3967,38,4.278728606356968,1.0048899755501222,1398,3.4180929095354524,34.19,-118.15
4.1842,34,7.020576131687243,1.1358024691358024,628,2.5843621399176953,34.36,-119.71
2.7058,28,3.3763085399449038,1.0815426997245179,3586,1.9757575757575758,34,-118.43
3.5179,36,6.339195979899498,1.0075376884422111,927,2.329145728643216,38.59,-121.37
4.8036,45,5.344748858447488,1.052511415525114,1092,2.493150684931507,37.75,-122.49
4.5909,16,5.475877192982456,1.0964912280701755,1357,2.9758771929824563,33.63,-117.71
3.1281,19,5.428,1.024,1823,3.646,35.36,-118.94
2.2721,45,4.253112033195021,1.0428769017980637,1635,2.2614107883817427,38.31,-122.29
3.6696,40,5.230769230769231,1.0796703296703296,1183,3.25,34.1,-118.09
4.5607,32,4.720930233,0.9767441860465116,2839,5.501937984496124,33.72,-117.91
1.7426,33,4.993318485523385,1.1514476614699332,1160,2.5835189309576836,39.73,-121.82
5.1664,32,5.825454545454545,1.1527272727272728,752,2.7345454545454544,37.16,-122.12
5.6441,18,6.089593383873191,1.0523776705720194,3946,2.7195037904893176,33.91,-117.94
9.8708,24,8.377464788732395,1.0394366197183098,1997,2.812676056338028,37.83,-122.03
4.7283,11,5.421348314606742,0.9812734082397003,1633,3.0580524344569286,38.44,-122.76
3.6434,51,4.600600601,1.0990990990990992,669,2.009009009009009,34.09,-118.26
3.7043,17,5.677966101694915,1.0554699537750385,1939,2.987673343605547,38.03,-121.97
6.9136,5,8.756906077348066,1.3646408839779005,510,2.817679558,33.48,-117.22
2.3269,35,4.614754098360656,1.0846994535519126,1135,3.101092896174863,32.73,-117.11
1.9052,38,4.203773584905661,1.0773584905660378,1697,3.201886792,34,-117.41
2.1969,47,5.767676767676767,1.1245791245791246,570,1.9191919191919191,37.65,-121.01
4.6484,2,6.406607369758577,1.059720457433291,2784,3.537484116899619,37.59,-120.98
2.8973,8,4.518394648829432,1.0167224080267558,2033,2.266443701,38.71,-121.28
3.7562,17,5.728215767634855,1.0394190871369295,1128,2.340248962655602,38.64,-121.34
2.7857,28,5.417391304347826,1.1021739130434782,1202,2.6130434782608694,39.47,-123.8
2.2868,16,5.220843672456576,1.1129032258064515,1634,2.0272952853598016,35.25,-120.68
3.1771,15,6.549668874172186,1.218543046357616,406,2.6887417218543046,37.5,-119.8
2.1441,22,4.193979933110368,1.112876254180602,3222,2.6939799331103678,32.61,-117.07
5.2452,18,6.923990498812351,0.9928741092636579,1340,3.182897862232779,38.25,-122.61
2.1103,8,4.814814814814815,1.3812104787714543,2143,1.9358626919602528,33.74,-117
5.5608,34,6.089552239,0.9813432835820896,690,2.574626865671642,33.94,-117.97
3.851,16,6.912408759124087,1.1897810218978102,477,3.4817518248175183,35.17,-120.43
3.069,35,5.317280453257791,0.9291784702549575,1155,3.271954674220963,36.81,-119.79
4.5769,35,5.891447368421052,1.0592105263157894,988,3.25,37.73,-122.42
2.5729,14,5.27049696,1.0104843782763682,35682,7.482071713,33.35,-117.42
3.25,32,5.220883534136546,0.9397590361445783,712,2.859437751004016,34.69,-118.15
2.7009,35,5.752631578947368,1.0105263157894737,590,3.1052631578947367,38.69,-121.37
8.1586,36,6.954451345755694,1.020703933747412,1298,2.6873706004140785,37.86,-122.16
2.9338,18,2.866228070175439,0.9671052631578947,884,1.9385964912280702,34,-118.41
2.4821,24,4.769491525423729,1.1084745762711865,501,1.6983050847457628,37.73,-121.92
4.9083,52,6.749253731343283,0.9791044776119403,819,2.444776119402985,37.9,-122.28
3.0739,16,5.835051546391752,1.0309278350515463,731,2.5120274914089347,39.04,-121.41
4.875,26,6.9,1.15,100,5,33.96,-118.37
5.8632,52,6.956228956228956,1.0740740740740742,981,3.303030303030303,34.07,-118.34
4.4063,15,6.1044303797468356,1.0031645569620253,1237,3.9145569620253164,34,-117.5
5.5292,16,6.875,1.0150862068965518,1414,3.0474137931034484,34.11,-117.68
4.526,19,7.042780748663102,1.0106951871657754,517,2.764705882352941,36.79,-119.63
5.5376,42,7,1.0204081632653061,116,2.367346939,38.04,-121.22
1.8109,29,3.805223068552775,1.192600652883569,2994,3.2578890097932534,33.79,-118.19
3.5774,14,5.409185803757829,1.0375782881002087,1371,2.862212943632568,38.16,-121.14
5.1473,16,6.663690476190476,0.9627976190476191,1990,2.9613095238095237,37.66,-120.95
5.1104,26,5.5300668151447665,0.9175946547884187,1538,3.425389755011136,33.89,-118.06
3.2788,29,5.2620689655172415,1.032183908045977,1215,2.793103448275862,38.01,-121.3
3.8839,44,5.299813780260708,1.0260707635009312,1232,2.2942271880819365,37.9,-122.53
2.6083,27,3.5095320623916813,0.9792027729636048,2189,3.7937608318890814,34.06,-118.18
3.825,27,4.5245098039215685,0.9117647058823529,1014,4.970588235294118,33.88,-118.08
5.1433,23,5.297413793103448,1.0948275862068966,687,2.961206896551724,36.96,-121.69
2.6544,12,5.958333333333333,1.2916666666666667,517,2.154166666666667,38.06,-120.4
4.25,44,4.5927152317880795,0.9271523178807947,984,3.2582781456953644,33.8,-118.21
4.381,34,6.005763688760807,0.9769452449567724,868,2.5014409221902016,36.15,-120.37
4.2045,16,7.266129032258065,1.1155913978494623,1106,2.9731182795698925,36.52,-119.54
3.4327,31,4.3429394812680115,1.063400576368876,1548,4.461095100864553,34.07,-117.99
2.9137,46,4.915730337078652,0.9747191011235955,754,2.1179775280898876,37.66,-120.99
6.8374,27,6.972527472527473,1.021978021978022,464,2.5494505494505493,37.37,-122.09
1.684,22,4.801255230125523,1.0627615062761506,1654,3.4602510460251046,36.28,-119.2
4.4519,26,5.722397476340694,0.943217666,963,3.0378548895899056,38.61,-121.29
2.0729,42,3.768907563,0.9621848739495799,1094,4.5966386554621845,34.01,-118.09
1.9929,30,2.682722513089005,1.0041884816753928,3909,4.093193717277487,33.98,-118.23
3.625,18,6.469135802469136,1.1419753086419753,469,2.8950617283950617,38.37,-122
4.625,36,24.5,3.5,28,14,36.51,-119.54
5.1068,35,5.534124629080119,0.9940652818991098,1074,3.1869436201780417,34.25,-118.48
1.9946,16,4.853131749460043,1.0842332613390928,1206,2.6047516198704104,40.51,-122.34
3.8512,30,5.189309576837417,0.9398663697104677,1255,2.7951002227171493,34.64,-120.45
5.5792,35,5.469740634005763,0.9913544668587896,1123,3.2363112391930837,34.26,-118.47
3.2768,35,6.035398230088496,0.9977876106194691,1290,2.853982300884956,38.36,-121.99
3.3571,52,7.034883720930233,0.9767441860465116,411,2.389534884,37.77,-122.26
3.1442,21,4.709163346613546,0.9681274900398407,733,2.9203187250996017,34.65,-120.45
6.4415,15,7.077981651376147,1.048165137614679,1262,2.8944954128440368,33.83,-117.76
4.0729,16,5.297297297297297,1.0432432432432432,454,2.454054054054054,33.84,-116.51
2.067,31,4.413566739606127,1.0109409190371992,1462,3.199124726477024,34.06,-117.96
4.2679,26,5.627565982404692,1.0117302052785924,1326,3.8885630498533725,32.59,-117.05
10.1675,23,8.834285714285715,1.0671428571428572,2165,3.092857142857143,37.54,-122.36
6.5755,23,5.137640449438202,0.9297752808988764,891,2.502808988764045,33.87,-118.37
2.8021,33,4.794561933534744,1.1299093655589123,1159,3.501510574018127,33.84,-117.89
1.3942,38,3.566137566137566,0.9417989417989417,701,3.708994708994709,38.68,-121.76
4.119,32,4.651234567901234,0.9104938271604939,1326,4.092592592592593,34.04,-117.97
3.5039,32,4.205630354957161,1.062423500611995,2583,3.1615667074663403,37.65,-122.41
6.0162,20,5.639830508474576,0.9830508474576272,1275,2.7012711864406778,33.82,-118.03
3.2545,27,4.962472406181015,1.0286975717439293,1644,3.629139072847682,36.61,-121.83
5.8758,16,5.122696155871512,1.1642969984202212,3026,1.5934702474986835,34.05,-118.41
1.9107,36,4.912863070539419,1.3112033195020747,672,2.788381742738589,35,-117.65
2.4537,20,5.508219178082192,1.1835616438356165,1658,2.271232876712329,38.62,-121.34
5.4446,37,6.176691729323308,0.9849624060150376,620,2.330827067669173,37.81,-122.18
1.9906,29,8.970967741935484,1.9903225806451612,890,2.870967741935484,38.88,-122.72
2.2589,33,4.3264516129032256,1.0193548387096774,2318,2.990967741935484,34.19,-118.42
2.5893,27,4.209966777408638,1.0817275747508306,4673,3.104983388704319,33.92,-118.12
2.2937,42,1.9865470852017937,1,582,2.609865470852018,34.05,-118.31
3.0833,39,5.715277777777778,1.0138888888888888,329,2.2847222222222223,38.61,-121.37
4,38,5.1658536585365855,1.0634146341463415,561,2.7365853658536587,33.86,-118.33
3.6875,39,4.436018957345971,0.91943128,691,3.2748815165876777,33.98,-118.09
4.6528,27,5.018965517241379,0.9689655172413794,1773,3.056896551724138,34.28,-118.71
3.8558,15,6.086687306501548,1.0247678018575852,1118,3.461300309597523,34.07,-117.39
3.371,17,4.04969697,0.9733333333333334,3381,4.098181818181819,33.76,-117.93
6.177,20,6.938461538461539,0.9769230769230769,831,3.1961538461538463,37.68,-121.91
3.184,20,3.863888888888889,1.0916666666666666,856,2.3777777777777778,33.65,-117.92
3.2375,36,5.058181818181819,1.029090909090909,1025,3.727272727272727,34.01,-118.07
2.1311,36,3.1661849710982657,1.0679190751445087,2931,4.235549132947977,33.78,-118.26
2.8,27,4.420494699646643,0.9964664310954063,503,1.7773851590106007,34.44,-119.74
12.1579,14,8.402515723,1.0534591194968554,1113,3.5,34.18,-118.21
10.7237,21,8.837606837606838,1,323,2.7606837606837606,37.41,-122.18
4.3173,32,5.850948509485095,1.065040650406504,981,2.658536585365854,38.03,-122.36
2.2132,46,4.687344913151365,0.967741935,971,2.4094292803970223,36.51,-119.55
5.2557,25,5.343373493975903,0.9623493975903614,2653,3.9954819277108435,34.02,-118.06
2.4526,29,5.782051282051282,1.121082621082621,1700,2.421652421652422,41.31,-122.3
2.3684,17,4.795857988165681,1.0355029585798816,706,2.088757396449704,38.57,-121.33
6.396,35,5.863636363636363,0.9829545454545454,453,2.5738636363636362,37.62,-122.04
2.0455,52,3.8979591836734695,1.0612244897959184,106,2.163265306122449,35.39,-119.02
2.0893,21,4.836734693877551,0.9673469387755103,960,3.9183673469387754,37.93,-121.24
4.9,42,5.929765886287625,1.2040133779264215,815,2.725752508361204,33.83,-118.19
1.3365,37,2.317773788150808,1.0556552962298025,1846,3.3141831238779176,37.76,-122.42
4.2136,26,4.69683908,1.132183908045977,1427,2.050287356321839,37.33,-121.96
3.0673,38,4.881019830028329,1.1161473087818696,711,2.0141643059490084,37.73,-122.14
3.6058,52,4.983240223463687,1.037243947858473,1181,2.1992551210428304,32.73,-117.13
3.7546,28,5.756613756613756,1.0158730158730158,1512,2.6666666666666665,37.8,-121.2
3.1944,29,5.979591836734694,1.0233236151603498,915,2.6676384839650145,36.22,-119.35
4.9079,26,6.153452685421995,1.051150895140665,1313,3.3580562659846547,34.26,-119.21
4.1861,52,4.1735537190082646,1.0082644628099173,573,2.3677685950413223,33.99,-118.45
3.875,44,5.599537037037037,1.0115740740740742,1045,2.4189814814814814,34.15,-118.02
1.8095,31,4.129094412331407,1.0057803468208093,2276,4.3853564547206165,33.9,-118.23
2.6726,29,7.2,1.0731707317073171,902,4.4,35.64,-119.19
4.1287,26,3.9365079365079363,0.9047619047619048,781,2.4793650793650794,33.86,-117.98
5.0853,26,5.916496945010183,1.0264765784114054,1452,2.9572301425661913,33.68,-117.89
5.1074,27,5.2835820895522385,0.9365671641791045,1024,3.8208955223880596,34.28,-118.77
6.0928,35,6.058479532163743,0.9298245614035088,908,2.654970760233918,34.17,-118.57
4.2241,20,5.630769230769231,1.0216783216783216,5094,3.5622377622377623,32.6,-117.04
4.1292,28,3.9095238095238094,1.0333333333333334,1575,3.75,33.82,-118.27
3.1833,20,5.078341013824885,0.9447004608294931,852,3.9262672811059907,32.69,-117.09
2.0133,35,3.0200803212851404,0.9578313253012049,2059,4.134538152610442,34.07,-118.22
2.9405,52,5.5581737849779085,1.0957290132547866,1461,2.1516936671575846,37.86,-122.26
2.1518,35,3.303030303030303,1.0454545454545454,1605,4.863636363636363,34.04,-118.3
2.875,44,6.08,1.3142857142857143,494,2.822857142857143,39.34,-122.05
6.992,22,6.529202279202279,0.9779202279202279,4319,3.076210826210826,37.55,-122.03
6.1935,6,6.275964391691395,1.0148367952522255,927,2.750741839762611,35.64,-117.67
0.9946,30,3.3317073170731706,1.1219512195121952,920,2.2439024390243905,33.91,-118.08
2.4878,14,5.144410613310135,1.0635058721183124,6640,2.888212266202697,34.1,-117.34
2.2201,29,4.525252525252525,1.1338383838383839,1650,4.166666666666667,32.68,-117.09
4.8295,37,5.516034985,1.0116618075801749,1039,3.0291545189504374,34.19,-118.52
2.9915,20,4.3942414174972315,1.0310077519379846,2629,2.911406423,37.97,-122.03
6.0531,25,5.833333333333333,1.0021097046413503,1666,3.5147679324894514,33.8,-117.81
3.7175,17,6.606914212548015,1.089628681177977,2344,3.001280409731114,33.73,-116.94
1.3451,30,4.6644295302013425,1.2114093959731544,1116,3.7449664429530203,35.38,-118.99
0.9722,10,2.6923076923076925,1.0769230769230769,125,3.2051282051282053,37.8,-122.27
8.8636,12,7.717777777777778,1.0355555555555556,1569,3.486666666666667,33.59,-117.68
1.4196,18,4.575757575757576,1.0242424242424242,483,2.9272727272727272,34.58,-117.4
2.3293,31,4.673866090712743,0.9848812095032398,959,2.0712742980561556,36.78,-119.78
4.2269,14,5.874371859296482,0.9824120603015075,1003,2.520100502512563,38,-122.26
3.3941,22,5.4506079027355625,0.9984802431610942,3526,2.6793313069908815,38.74,-121.26
1.4712,44,5.867924528301887,1.2226415094339622,931,3.513207547169811,34.02,-118.31
4.1797,25,4.786407766990291,1.0161812297734627,977,3.161812297734628,34.44,-119.79
4.7019,14,6.466409266409267,1.0864864864864865,2916,2.2517374517374518,33.15,-117.11
2.2727,10,4.934027777777778,1.0763888888888888,1443,2.5052083333333335,36.59,-119.61
7.5557,36,7.743396226415094,1.0830188679245283,699,2.637735849056604,32.73,-117.23
2.1776,35,4.545263157894737,1.0357894736842106,1694,3.566315789473684,32.67,-115.5
1.4676,17,5.497076023391813,1.3654970760233918,798,2.3333333333333335,39.08,-122.8
1.125,36,4.4409090909090905,1.165909090909091,1437,3.265909090909091,37.91,-122.33
3.0491,34,4.498721227621483,1.10230179,1282,3.278772378516624,33.97,-118.04
10.7309,52,7.850364963503649,1.0218978102189782,762,2.781021897810219,37.73,-122.47
1.8814,43,3.8662207357859533,0.9732441471571907,1074,3.591973244147157,33.95,-118.27
3.038,33,5.504249291784703,1.246458923512748,1526,4.3229461756373935,34.14,-117.95
5.6286,23,6.369127516778524,1.0134228187919463,399,2.6778523489932886,37.51,-122.46
5.7072,21,6.284875183553598,0.9882525697503671,2216,3.2540381791483113,37.53,-122.02
6.4956,33,6.297587131367292,1.0911528150134049,954,2.557640750670241,33.81,-118.38
4.5293,19,6.920661157024793,1.1305785123966943,1827,3.0198347107438015,38.34,-122.31
4.0109,23,5.440633245382585,0.9920844327176781,1302,3.4353562005277043,33.21,-117.34
15.0001,32,9.166340508806263,1.0567514677103718,1512,2.958904109589041,37.56,-122.36
4.6458,17,4.901960784313726,1.0196078431372548,141,2.764705882352941,37.26,-121.76
4.2471,4,5.816950633464395,1.0589777195281782,6420,2.8047182175622543,37.68,-120.94
2.2554,39,4.134185303514377,1.0543130990415335,1140,3.642172523961661,34.04,-118.32
2.5333,43,5.9753086419753085,1.228395061728395,434,2.6790123456790123,37.72,-122.47
7.2354,52,7.117166213,0.9945504087193461,901,2.455040871934605,37.85,-122.24
4.1739,40,4.510638298,1.0893617021276596,667,2.8382978723404255,37.79,-122.2
0.9274,38,4.3428571428571425,0.8571428571428571,65,1.8571428571428572,38.53,-121.4
4.0036,13,5.843930636,1.0404624277456647,1363,2.626204238921002,38.63,-121.34
4.575,36,4.9879154078549846,1.039274924471299,1062,3.2084592145015107,37.37,-121.98
2.7652,13,4.670020120724346,1.0845070422535212,1066,2.1448692152917506,38.62,-121.27
4.9286,43,5.980487804878049,1.1902439024390243,491,2.395121951219512,38.1,-122.49
3.5637,40,4.414388489208633,1.087769784172662,1190,1.7122302158273381,34.15,-118.34
3.5491,41,4.423076923076923,0.9576923076923077,729,2.8038461538461537,37.35,-121.98
4.8088,19,6.297087378640777,1.0601941747572816,1334,2.5902912621359224,38.66,-121.23
4.6648,10,5.395209580838324,0.9760479041916168,698,4.179640718562874,32.69,-117.03
4.6477,36,5.570019723865878,0.9723865877712031,1394,2.749506903353057,33.86,-117.94
4.0368,52,4.761658031088083,1.1036269430051813,413,2.139896373056995,37.85,-122.25
2.0595,20,4.712871287128713,0.9683168316831683,1581,3.130693069306931,36.98,-120.63
4.2204,29,5.8457223001402525,1.040673211781206,2096,2.9396914446002804,32.63,-117.06
1.7411,35,5.369158878504673,1.294392523364486,909,4.247663551401869,33.93,-118.23
2.8214,29,4.763527054108216,0.9539078156312625,1669,3.344689378757515,36.94,-121.8
2.3886,14,4.805714285714286,1.0380952380952382,1297,2.4704761904761905,32.76,-117.07
3.8917,11,7.147163120567376,1.3581560283687943,1539,2.728723404255319,34.99,-118.61
3.8661,6,5.924432081594808,1.1316643486323597,6085,2.8210477515067223,35.62,-120.67
6.5635,10,6.982708933717579,1.0259365994236311,1213,3.4956772334293946,33.9,-117.96
4.3,27,4.7063953488372094,1.0232558139534884,831,2.4156976744186047,36.61,-121.92
6.5533,34,6.431154381,1.0862308762169681,1572,2.1863699582753826,34.14,-118.39
5.5255,40,5.0162162162162165,1.0108108108108107,521,2.8162162162162163,33.92,-118.37
2.3603,17,4.073743016759776,1.1564245810055866,1987,2.2201117318435752,34.1,-117.59
5.9356,14,6.688195991091314,1.017817371937639,2915,3.2461024498886415,37.11,-121.65
4.337,26,5.994263862332696,1.0019120458891013,1385,2.6481835564053537,37.37,-118.45
5.1831,26,2.018348623853211,0.926605505,322,1.4770642201834863,37.37,-122.22
4.6628,44,6.589905362776025,1.0977917981072556,837,2.640378548895899,37.59,-122.38
5.0086,36,5.101190476190476,0.9285714285714286,448,2.6666666666666665,37.38,-122.08
5.1773,52,6.358558558558559,1.0342342342342343,1177,2.120720720720721,37.84,-122.24
4.75,35,5.626984126984127,1.1031746031746033,1247,3.298941798941799,33.86,-117.94
2.3261,20,3.412621359223301,1.0024271844660195,850,2.063106796116505,32.75,-117.12
2.6852,33,5.312849162011173,1.0335195530726258,1168,3.2625698324022347,36.7,-120
0.4999,36,2.5,0.8333333333333334,15,2.5,33.9,-118.04
13.3036,50,7.660766961651918,1.0029498525073746,964,2.8436578171091447,34.04,-118.49
5.8186,52,4.796839729119639,0.9729119638826185,1014,2.288939051918736,37.31,-121.9
2.3882,47,4.364085667215815,1.126853377265239,2374,3.911037891268534,33.98,-118.34
6.7064,16,7.796690307328605,1.066193853427896,1542,3.645390070921986,37.27,-121.87
3.9792,22,5.855203619909502,0.9841628959276018,1198,2.7104072398190047,40.8,-124.02
3.1478,22,4.165838509,1.0788819875776396,2620,1.6273291925465838,34.17,-118.46
3.5096,33,4.921259842519685,0.952755906,970,2.545931758530184,37.74,-121.44
3.0294,42,4.919449901768173,1.0864440078585462,1550,3.045186640471513,34.07,-117.74
2,52,5.303030303030303,1.0822510822510822,725,3.1385281385281387,38.03,-121.88
1.9338,43,3.2420091324200913,1.0776255707762556,1506,3.4383561643835616,37.78,-122.23
4.4536,23,5.746867168,1.0300751879699248,969,2.4285714285714284,37.98,-121.99
2.589,27,3.785234899328859,0.9798657718120806,1511,2.0281879194630874,36.98,-122.01
2.5966,32,3.6710526315789473,0.9917763157894737,2361,3.883223684210526,33.96,-118.22
2.8274,43,4.080733944954129,1.0091743119266054,1598,2.932110091743119,33.99,-118.33
3.2125,19,5.2075471698113205,1.2169811320754718,314,2.9622641509433962,34.68,-118.27
2.1953,15,5.164835164835165,1.205128205128205,599,2.1941391941391943,38.92,-122.59
5.8479,25,6.611553784860558,1.0577689243027888,1560,3.1075697211155378,37.26,-121.89
6.0394,16,6.298742138,0.9433962264150944,1172,3.6855345911949686,33.88,-117.97
5.3433,39,7.260869565217392,1.0753623188405796,872,2.527536231884058,37.93,-122.31
3.1953,15,5.178571428571429,1.1717687074829932,1340,2.2789115646258504,36.8,-119.72
4.1862,15,5.538551401869159,1.1168224299065421,2043,2.3866822429906542,38.33,-122.3
7.5,9,6.852631578947369,0.9315789473684211,682,3.5894736842105264,38.15,-122.58
1.5743,31,4.544871794871795,0.9807692307692307,1219,3.907051282051282,35.36,-118.97
2.2094,20,2.1652490886998783,1.088699878493317,1749,2.1251518833535843,34.06,-118.3
1.867,23,4.701587301587302,1.0888888888888888,1079,3.425396825396825,38.64,-121.45
3.0348,20,5.325475285171103,1.0714828897338402,3107,2.3627376425855515,38.63,-121.32
1.9881,12,4.513888888888889,0.9988425925925926,2145,2.482638888888889,40.56,-122.35
4.0714,21,6.414583333333334,1.0604166666666666,1431,2.98125,33.89,-117.82
2.025,33,3.432098765432099,1.123456790123457,375,4.62962963,33.75,-116.25
2.8636,24,3.872,0.96,631,2.524,37.25,-121.88
3.5255,21,5.694581280788177,1.0492610837438423,2174,2.6773399014778323,34,-117.04
3.35,14,4.434343434343434,1.018939393939394,1835,2.316919191919192,32.87,-117.22
2.555,36,5.598746081504702,1.0595611285266457,974,3.053291536050157,38.67,-121.37
3.5227,35,5.612903225806452,1.053763440860215,1056,3.784946237,33.94,-117.46
4.5382,39,4.972560975609756,0.9817073170731707,1034,3.152439024390244,33.92,-118.08
5.2118,35,5.49009901,1.0198019801980198,515,2.5495049504950495,34.2,-118.49
2.7266,37,4.198938992,1.039787798408488,1776,4.710875331564987,34.03,-118.2
5.0653,35,5.602836879432624,0.9432624113475178,926,3.2836879432624113,33.93,-118.31
3.5464,15,5.065092534,1.0433950223356732,4390,2.801531589023612,38.24,-122.07
4.825,11,6.4113924050632916,1.1898734177215189,410,2.5949367088607596,38.77,-120.84
1.9018,39,4.127906976744186,1.2005813953488371,1911,2.7776162790697674,34.03,-118.33
1.7125,27,5.756756756756757,1.1891891891891893,464,3.135135135135135,39.94,-122
3.3421,30,5.032119914346895,1.0107066381156318,945,2.023554604,34.08,-118.11
2.233,25,4.746987951807229,1.1325301204819278,155,1.8674698795180722,38.58,-121.22
6.6605,29,7.825396825396825,1.0380952380952382,859,2.726984126984127,38.03,-121.25
1.5863,21,5.154081632653061,1.0755102040816327,2948,3.0081632653061225,39.7,-121.81
5.1423,36,4.845323741007194,1,748,2.6906474820143886,33.9,-118.11
12.0933,10,8.179012345679013,1.1666666666666667,427,2.6358024691358026,37.98,-122.46
3.4211,43,4.615101289134438,0.9779005524861878,1230,2.265193370165746,33.8,-118.14
2.2716,26,2.89,0.9825,1880,4.7,33.84,-117.91
3.9926,14,5.555555555555555,1.0098039215686274,1867,3.0506535947712417,36.32,-119.77
5.8411,34,6.498007968,1.0617529880478087,1265,2.5199203187250996,34.47,-119.72
5.7812,27,6.376130198915009,1.0650994575045207,1725,3.119349005424955,37.28,-121.98
4.6042,36,5.940919037199125,1.0371991247264771,1303,2.851203501094092,33.75,-118.31
2.9485,7,4.880434782608695,1.0905797101449275,799,2.8949275362318843,34.07,-117.18
4.9231,8,4.748936170212766,1.1361702127659574,435,1.851063829787234,34.1,-118.18
2.3507,12,5.531073446327683,1.0423728813559323,875,2.4717514124293785,39.82,-121.59
3.6838,13,6.329305135951661,1.1812688821752266,860,2.598187311178248,38.03,-120.28
1.7451,23,3.6473477406679766,1.0589390962671905,2194,2.1552062868369353,38.6,-121.42
3.6583,18,5.3292011019283745,1.0647382920110193,2500,3.443526170798898,33.92,-117.47
4.5347,12,6.504098360655738,1.0655737704918034,1590,3.2581967213114753,36.93,-119.88
4.4033,15,6.885207100591716,1.093491124260355,2324,2.750295857988166,35.13,-120.56
4.4609,16,6.2607361963190185,1.021472392638037,1912,2.932515337423313,38.71,-121.27
2.25,14,4.734335839598997,1.1804511278195489,853,2.137844611528822,39.22,-121.04
6.9391,52,8.244725738396625,1.0337552742616034,645,2.721518987341772,34.11,-118.3
3.4152,34,4.691358024691358,1.0599647266313934,1475,2.601410934744268,33.75,-117.83
4.975,16,56.26923076923077,10.153846153846153,54,2.076923076923077,39.01,-120.16
2.0333,12,5.180952380952381,1.2,1303,4.136507936507937,36.2,-119.34
5.6205,19,7.232300884955753,1.0685840707964602,1383,3.059734513274336,37.13,-121.67
3.3864,45,4.824175824175824,1.0615384615384615,1265,2.78021978,34.08,-118.36
1.4722,52,3.2254901960784315,1.0686274509803921,291,2.8529411764705883,34.42,-119.7
3.0682,39,4.316810344827586,1.0775862068965518,1109,2.3900862068965516,37.8,-122.21
2.6607,25,5.584070796460177,1.2964601769911503,534,2.3628318584070795,38.93,-119.98
2.5365,10,4.873517786561265,1.1040843214756257,2310,3.0434782608695654,32.86,-116.91
2.8393,15,5.427402862985685,1.0838445807770962,1267,2.591002044989775,37.31,-119.64
1.5481,52,5.02,1,311,3.11,39.73,-121.84
3.2794,7,5.546473302570863,1.044166117336849,5146,3.3922214897824654,34.46,-117.2
4.2,38,5.316062176165803,0.9844559585492227,789,4.0880829015544045,33.97,-118.08
5.1312,39,4.985074626865671,0.9194029850746268,957,2.8567164179104476,37.69,-122.15
6.0762,37,7.070692194403534,1.0294550810014726,1830,2.695139911634757,37.98,-122.51
2.0625,22,3.9614093959731544,1.0369127516778522,1472,2.469798657718121,33.2,-117.25
2.7778,25,5.0990873533246415,1.106910039113429,1580,2.0599739243807043,32.77,-117.08
6.0336,10,6.26032316,0.9784560143626571,1410,2.5314183123877916,33.11,-117.24
6.7371,14,7.670731707317073,1.0414634146341464,2724,3.321951219512195,37.95,-121.98
1.6318,19,2.909090909090909,0.9937304075235109,845,2.6489028213166144,33.2,-117.37
3.9722,29,4.789795918367347,0.9469387755102041,1135,2.316326530612245,37.97,-122.32
4.7319,35,4.926666666666667,0.9933333333333333,1000,2.2222222222222223,33.93,-118.4
7.9125,12,6.845238095238095,0.9761904761904762,2042,3.4727891156462585,33.7,-117.76
6.8564,42,6.4520547945205475,1.0410958904109588,630,2.8767123287671232,33.95,-118.14
3.8372,41,5.265957447,1.1319148936170214,1416,3.0127659574468084,33.91,-118.29
2.85,38,5.089347079,1.0893470790378006,1080,3.711340206185567,32.68,-117.06
3.11,40,5.368085106382979,1.0382978723404255,976,2.076595744680851,32.76,-117.02
2.1937,20,3.625766871165644,1.1625766871165644,678,2.079754601226994,32.75,-117.14
2.3545,33,3.6277602523659307,1.2082018927444795,604,1.9053627760252365,33.43,-117.61
2.6217,36,3.792091836734694,1.0293367346938775,2846,3.6301020408163267,34.16,-118.14
3.6031,52,3.7025920873124147,1.0627557980900408,1438,1.9618008185538882,37.77,-122.43
6.2427,19,6.446293494704992,1.0257186081694403,2621,3.9652042360060515,33.85,-118.08
2.6083,52,3.746183206,1.0782442748091603,1628,3.1068702290076335,37.77,-122.41
2.7432,35,4.695652173913044,1.1123188405797102,1423,5.155797101449275,34.05,-118.19
3.4474,28,4.4487394957983195,1.1058823529411765,1459,2.4521008403361346,33.72,-118.3
3.1929,26,4.311871227364185,1.080482897384306,2806,1.8819584171696848,34.17,-118.39
4,37,4.341389728096677,0.9214501510574018,979,2.9577039274924473,37.57,-122.31
3.3214,47,4.912878787878788,1.106060606060606,704,2.6666666666666665,33.96,-118.32
3.3713,35,4.780748663101604,1.0106951871657754,777,2.0775401069518717,32.79,-117.19
3.0509,30,5.598130841121495,1.1728971962616823,1019,4.761682242990654,33.94,-117.4
3.4421,31,4.725907384230288,1.0200250312891115,1886,2.360450563204005,32.79,-117.01
2.7042,38,4.625368731563422,1.0353982300884956,710,2.094395280235988,37.29,-121.89
10.1597,16,7.606936416184971,1.1213872832369942,450,2.601156069364162,34.14,-118.83
3.875,37,4.79253112,0.9336099585062241,814,3.3775933609958506,34.07,-118.17
3.9583,42,4.30749354,1.020671834625323,1041,2.689922480620155,37.74,-122.5
3.045,9,6.475113122171946,1.1493212669683257,681,3.081447963800905,39.2,-121.12
2.4113,23,4.7565445026178015,1.0471204188481675,1376,3.602094240837696,37.7,-122.41
2.2685,16,3.930355791067373,1.0454201362604087,3261,2.468584405753217,32.62,-117.08
6.7543,15,7.185567010309279,1.0701030927835051,1740,3.5876288659793816,33.65,-117.65
4.2375,7,3.8892355694227767,1.0811232449297972,951,1.4836193447737909,32.71,-117.17
7.1924,52,5.715942028985507,0.9478260869565217,755,2.1884057971014492,37.91,-122.56
3.1106,18,4.5796875,1.0328125,3161,2.46953125,34.19,-118.55
1.424,29,4.461661341853035,1.1533546325878594,1583,2.5287539936102235,33.93,-116.97
3.6667,36,5.078,1.07,979,1.958,34.04,-118.48
3.3462,52,6.465116279069767,1.2151162790697674,544,3.1627906976744184,40.81,-124.23
3.692,34,5.067605633802817,1.019718309859155,1293,3.6422535211267606,33.92,-118.29
3.2569,42,4.945273631840796,1,1239,3.082089552238806,34.08,-118.06
3.1853,16,4.636363636363637,1.0397387044093631,4508,2.4540010887316277,38.27,-122.04
3.2857,32,5.099337748344371,1.0728476821192052,793,2.6258278145695364,37.62,-122.04
10.1122,2,8.78665496,1.2756804214223003,3550,3.1167690956979808,33.57,-117.68
5.1842,17,6.595818815,1.0348432055749128,936,3.2613240418118465,33.15,-117.07
3.125,28,6.325842696629214,1.4157303370786516,1057,3.958801498127341,37.01,-120.77
3.3203,27,5.8671875,0.9947916666666666,1197,3.1171875,34.65,-120.45
3.2115,14,3.36013986,1.0664335664335665,662,2.3146853146853146,34.44,-119.81
4.6458,24,6.242946708,1.0579937304075235,1568,2.457680250783699,33.82,-118.06
7.7261,32,7.068311195,1.079696394686907,1304,2.474383302,34.47,-119.7
4.0921,20,5.577608142493639,1.0330788804071247,1766,4.493638676844784,32.69,-117.07
2.6145,10,5.116991643454039,1.0222841225626742,1864,2.596100278551532,36.35,-119.62
2.2386,30,4.725738396624473,1.0464135021097047,609,2.569620253164557,37.78,-120.85
2.0391,38,4.691460055096419,1.0606060606060606,1356,3.7355371900826446,34.12,-117.33
2.625,20,5.53125,1.3125,231,2.40625,38.71,-122.64
5.0126,16,5.9144385026737964,1.0427807486631016,505,2.700534759358289,39,-121.1
4.6821,8,5.393305439330544,0.9832635983263598,867,3.6276150627615062,37.82,-121.23
4.5,17,5.2625169147496615,1.0121786197564275,2415,3.2679296346414075,34.23,-119.19
6.8112,25,7.076693227091633,1.0079681274900398,2519,2.508964143426295,33.98,-118.38
2.9583,52,5.2727272727272725,1.1263858093126387,940,2.084257206208426,38.02,-122.13
4.7022,15,6.261180679785331,1.0599284436493739,3555,3.1797853309481217,33.13,-117.03
3.9028,25,5.470967741935484,0.9870967741935484,436,2.8129032258064517,39.52,-121.49
2.0976,29,4.987938596491228,1.0043859649122806,2494,2.7346491228070176,33.93,-116.89
10.1714,6,8.305343511450381,1.0882103477523324,3744,3.1755725190839694,33.78,-117.78
3.745,42,5.059113300492611,1.116584564860427,1785,2.9310344827586206,33.98,-118.35
4.2383,18,7.572438162544169,1.0565371024734982,828,2.9257950530035335,33.17,-117.32
4.0417,34,6.08,1.1,522,3.48,34.12,-117.88
1.3904,30,3.919753086419753,1.126543209876543,840,2.5925925925925926,40.44,-122.29
3.5521,19,3.453801169590643,1.0467836257309941,1914,2.238596491,33.82,-118.19
6.0352,23,4.831632653061225,1.0612244897959184,769,1.961734693877551,34.12,-118.33
4.4083,17,6.551181102362205,0.9960629921259843,736,2.8976377952755907,37.51,-120.82
3.5,24,5.926470588235294,1.2352941176470589,323,2.375,34.82,-118.93
8.758,30,7.338129496402877,1.0575539568345325,787,2.8309352517985613,37.35,-122.06
7.5408,3,8.493150684931507,1.0342465753424657,519,3.5547945205479454,33.93,-117.57
0.9702,28,2.5576470588235294,0.9952941176470588,807,1.8988235294117648,33.65,-117.92
1.3571,36,3.982689747003995,1.0945406125166446,2378,3.166444740346205,34.12,-117.28
2.1382,37,4.5697940503432495,0.9977116704805492,1349,3.0869565217391304,37.66,-122.08
6.195,26,6.324817518248175,0.9671532846715328,796,2.9051094890510947,37.92,-122.08
1.625,52,3.4285714285714284,0.8571428571428571,46,6.571428571428571,34.06,-117.75
5.1498,35,7.256130790190736,1.0544959128065394,1086,2.9591280653950953,37.71,-122.09
6.7395,26,7.929078014184397,0.9929078014184397,809,2.868794326241135,33.73,-118
3.675,52,5.814814814814815,1.037037037037037,88,3.259259259259259,37.76,-122.39
3.8824,36,5.156398104265403,1.09478673,617,2.924170616113744,33.91,-118.11
2.3971,24,7.003401360544218,1.5714285714285714,410,1.3945578231292517,37.88,-122.08
4.0333,32,5.495176848874598,1.0643086816720257,2003,3.220257234726688,34.06,-117.94
4.6629,25,3.7454545454545456,1.018181818181818,632,1.6415584415584417,33.76,-118.19
5.1491,33,6.228843861740167,0.9928486293206198,2221,2.6471990464839092,32.81,-117.19
1.9423,22,2.6218487394957983,0.8991596638655462,583,4.899159663865547,33.9,-118.22
2.4662,15,5.852734923,1.1276297335203367,2393,3.356241234221599,33.83,-117.29
5.7295,25,6.032040472175379,0.9797639123102867,1753,2.9561551433389543,38,-122.03
4.6613,32,5.154228855721393,1.0165837479270314,1577,2.615257048092869,37.32,-122.01
3.2734,32,4.239583333333333,1.08125,2282,4.754166666666666,33.92,-118.18
4.4312,26,5.6608187134502925,1.0804093567251463,1629,2.3815789473684212,37.92,-122.07
1.6081,35,3.354131534569983,1.069139966273187,1108,1.8684654300168635,34.09,-118.35
4.7932,22,5.296650718,0.9868421052631579,3152,3.770334928229665,34.28,-118.38
5.1045,14,7.395498392282958,1.0771704180064308,1001,3.2186495176848875,33.87,-117.33
3.1779,41,4.394736842105263,1.0548245614035088,1658,3.6359649122807016,33.8,-118.26
3.5909,25,4.126506024096385,1.0647590361445782,1420,2.138554217,34.07,-118.32
5.0462,34,6.370491803278688,1.0491803278688525,895,2.9344262295081966,34.21,-118.59
4.3029,16,6.090592334494773,1.1219512195121952,4930,17.177700348432055,38.42,-120.97
2.8,47,3.7642045454545454,1.1164772727272727,1557,4.423295454545454,34.04,-118.21
6.6137,26,7.25,1.0067567567567568,852,2.8783783783783785,33.78,-118.09
2.8426,10,4.897243107769423,1.1152882205513786,1898,2.3784461152882206,38.67,-121.32
1.585,52,4.376021798365122,1.1416893732970028,891,2.4277929155313354,40.8,-124.17
3.0536,36,4.9614243323442135,0.8961424332344213,969,2.8753709198813056,38.54,-121.54
3.375,19,3.679846939,1.0956632653061225,1520,1.9387755102040816,37.31,-122.03
3.851,10,4.936789449749886,1.035925420645748,6474,2.9440654843110505,33.97,-117.71
2.2429,26,3.4608208955223883,1.0317164179104477,1109,2.0690298507462686,34.1,-117.66
2.7083,21,4.495588235294117,1.026470588235294,1627,2.3926470588235293,35.33,-119.03
3.275,17,5.4613686534216335,1.0596026490066226,1649,3.6401766004415013,37.93,-121.05
3.8583,31,6.457142857142857,1.125,691,2.467857142857143,38.44,-122.69
5.5388,25,6.104536489151874,1.0138067061143985,1251,2.467455621301775,37.35,-122.03
4.4602,14,5.836215666327568,1.0254323499491353,2731,2.778229908,38.57,-121.34
8.3605,33,7.161716171617162,1.0264026402640265,854,2.8184818481848186,37.28,-122
2.2429,52,4.638349514563107,1.0072815533980584,777,1.8859223300970873,32.73,-117.13
1.735,14,4.599397590361446,0.9789156626506024,1453,4.376506024096385,32.73,-115.53
3.6953,23,4.119850187265918,1.0674157303370786,940,3.5205992509363297,33.82,-117.83
5.791,36,5.004048582995951,0.9271255060728745,880,3.562753036437247,37.39,-122
3.25,29,4.505665722379604,1.0113314447592068,1603,2.270538243626062,33.94,-117.41
3.7083,10,5.703603603603604,1.063963963963964,3419,3.08018018,38.46,-121.82
3.0667,19,5.357495881383855,1.0115321252059308,1971,3.2471169686985175,36.32,-119.79
3.5161,24,4.501440922190202,1.2708933717579252,696,2.005763688760807,33.63,-117.92
3.3669,23,5.091603053435114,1.0076335877862594,1510,2.881679389312977,32.81,-116.92
2.9489,39,5.4125874125874125,1.1293706293706294,815,2.8496503496503496,38.99,-122
4.0227,26,5.889655172413793,1.0310344827586206,911,3.1413793103448278,38.72,-121.47
3.1406,33,5.039634146341464,1.0182926829268293,814,2.481707317073171,37.95,-122.04
6.8901,46,5.126394052,0.8884758364312267,688,2.557620817843866,34.01,-118.46
1.2746,36,3.910138248847926,1.2672811059907834,1379,3.1774193548387095,33.78,-118.18
1.1635,39,3.7808988764044944,1.0674157303370786,1520,4.269662921348314,33.97,-118.25
2.9384,38,4.301861702,1.0226063829787233,1284,1.7074468085106382,33.77,-118.16
1.7714,27,2.5325,0.985,1067,2.6675,33.9,-118.29
1.6021,29,4.56,1.0745454545454545,1112,2.021818181818182,37.98,-120.37
2.2449,30,7.508038585209003,1.167202572347267,1214,3.9035369774919615,34.13,-117.33
1.6635,14,3.740576496674058,1.124168514412417,762,1.689578713968958,32.79,-115.58
5.2798,14,6.355184743742551,1.0536352800953517,2093,2.494636471990465,37.96,-121.92
4.0451,27,5.035952064,1.0266311584553929,1742,2.3195739014647137,34.4,-119.71
4.9375,44,6.168776371308017,1.0126582278481013,562,2.371308016877637,33.97,-118.42
8.1872,52,8.268292682926829,1.032520325203252,1005,2.7235772357723578,37.82,-122.23
1.7885,40,5.916817359855335,1.1989150090415914,1467,2.6528028933092225,41.78,-121.62
3.875,33,3.021276595744681,0.6595744680851063,575,12.23404255319149,37.78,-122.18
6.2984,18,6.022801302931596,0.9348534201954397,2046,3.3322475570032575,33.73,-117.97
2.53,45,4.864583333333333,1.1875,893,4.651041666666667,34.06,-118.18
7.0691,13,6.6896969696969695,1.0096969696969698,2444,2.9624242424242424,37.57,-121.87
1.5933,37,3.998330550918197,1.0467445742904842,2489,4.155258764607679,32.69,-117.11
1.3801,36,4.5664160401002505,1.1253132832080202,930,2.330827067669173,40.68,-122.35
2.8406,34,3.281721632196758,1.0698714365567357,2689,1.5030743432084963,37.81,-122.26
3.4777,47,4.873180873180873,1.0665280665280665,1537,3.1954261954261955,34.18,-118.12
3.8583,11,5.832591273374889,1.0231522707034728,3570,3.178984861976848,38.25,-122.01
3.8819,19,4.7552,1.076,2372,1.8976,34.17,-118.61
3.2019,27,4.9314775160599575,1.0085653104925054,1447,3.0985010706638114,37.02,-121.58
4.1591,27,5.381834215167548,1.101410934744268,3026,2.6684303350970016,37.55,-122
5.9572,17,5.670384138785626,1.0086741016109046,1941,2.4052044609665426,37.55,-122.26
1.9,16,4.975133214920071,1.0905861456483126,1695,3.0106571936056836,40.56,-122.35
5.543,16,7.239737274220033,1.0328407224958949,1875,3.0788177339901477,33.2,-117.2
1.9766,27,3.685279187817259,1.0642978003384094,2379,4.025380710659898,34.06,-117.77
1.7075,9,4.937153419593345,1.1959334565619224,1484,2.743068391866913,36.14,-120.35
3.225,19,5.238095238095238,1.0680272108843538,1341,3.0408163265306123,35.48,-120.65
4.7216,20,4.961481481481481,1.0148148148148148,1822,2.6992592592592595,33.94,-117.89
5.4224,37,6.620947630922693,1.0349127182044888,1056,2.6334164588528677,34.15,-117.87
3.6128,10,3.8323529411764707,1.1,1373,2.0191176470588235,34.16,-118.37
2.1094,24,2.8434466019417477,1.0121359223300972,3537,4.292475728,34.06,-118.03
5.5161,15,8.126016260162602,1.1666666666666667,585,2.3780487804878048,39.04,-121.06
6.0382,26,5.332713755,1.053903345724907,1157,2.150557620817844,33.84,-118.38
3.8906,31,4.767258382642998,1.0059171597633136,1102,2.173570019723866,34.18,-118.43
2.4583,26,4.361643835616438,1.1753424657534246,1182,3.2383561643835614,34.06,-117.67
4.9063,15,6.013363028953229,1.024498886414254,1432,3.1893095768374167,34.08,-117.6
3.5313,38,5.511864406779661,1.040677966101695,1280,4.338983050847458,33.93,-118.2
9.5908,37,4.352941176470588,1.1176470588235294,63,3.7058823529411766,37.14,-121.98
5.7837,49,6.137037037037037,0.9851851851851852,613,2.27037037,37.59,-122.38
2.2431,41,4.799163179916318,1.0167364016736402,583,2.4393305439330546,39.13,-121.62
3.2024,15,5.952286282306163,1.0377733598409542,1231,2.4473161033797215,33.15,-117.07
1.5625,17,2.9915254237288136,0.9491525423728814,359,3.042372881355932,33.19,-117.38
2.5326,42,3.9302788844621515,1.0159362549800797,1841,3.6673306772908365,34.01,-118.14
9.1508,43,7.035128805620609,1.0304449648711944,1088,2.548009367681499,37.44,-122.13
4.2566,16,4.924731182795699,1.0595533498759304,3107,2.5698924731182795,33.87,-117.8
3.3125,4,4.198209718670077,1.1649616368286444,1512,1.9335038363171355,33.57,-117.7
1.6156,34,4.035019455252918,1.093385214007782,1913,3.7217898832684826,33.96,-118.28
12.2547,38,7.0588235294117645,0.8529411764705882,63,1.8529411764705883,37.85,-122.49
6.0678,52,6.420454545454546,1.0643939393939394,595,2.253787878787879,34.14,-118.4
2.5568,18,6.114035087719298,1.3157894736842106,356,3.1228070175438596,39.49,-121.21
2.8311,41,4.377260981912145,1.0671834625322998,1222,3.157622739018088,33.98,-118.05
4.425,26,5.123134328358209,1.2537313432835822,608,2.2686567164179103,32.85,-117.27
3.1505,30,4.266666666666667,1.0206896551724138,899,2.066666666666667,33.88,-118.33
3.7549,23,3.3681183237469186,1.057518488085456,2103,1.7280197206244865,34.05,-118.45
2.6914,52,3.6870588235294117,1.1341176470588235,654,1.5388235294117647,37.77,-122.43
4.8516,52,5.350961538461538,0.9254807692307693,1177,2.829326923076923,37.75,-122.49
3.6771,24,4.538461538461538,1.1153846153846154,3003,2.9615384615384617,33.81,-117.94
6.128,26,6.457142857142857,1.0235294117647058,1961,3.295798319327731,33.74,-118.02
3.6312,7,4.579741379310345,1.0948275862068966,1358,2.9267241379310347,37.76,-121.43
4.7515,18,5.260416666666667,1.0873397435897436,3079,2.4671474358974357,33.71,-118.01
5.1966,15,6.426865671641791,1.0298507462686568,979,2.9223880597014924,38.34,-122.63
4.0926,42,4.525114155251141,0.9817351598173516,717,3.2739726027397262,33.89,-118.09
4.5086,16,5.7156398104265405,0.9928909952606635,1612,3.8199052132701423,32.93,-117.14
2.8152,36,3.532286212914485,1.0296684118673647,2028,3.5392670157068062,33.99,-118.08
1.4024,26,4.332236842105263,1.230263157894737,1025,3.3717105263157894,35.38,-118.99
10.06,22,7.985200845665962,1.047568710359408,2808,2.968287526427061,33.77,-118.41
1.8375,36,4.7206266318537855,1.0026109660574412,807,2.1070496083550916,40.58,-122.38
1.9348,37,4.053691275167785,1.1185682326621924,1640,3.668903803131991,33.96,-118.28
4.0938,20,5.66,1.064,667,2.668,38.35,-121.96
4.023,14,5.594736842105263,1.091578947368421,2228,2.345263157894737,38.42,-122.66
1.7188,23,4.8686868686868685,1.2424242424242424,485,2.4494949494949494,38.92,-120.01
4.3571,20,6.212765957446808,1.0638297872340425,1679,2.747954173486088,37.96,-122.1
3.0977,24,4.276084949215143,1.074792243767313,2360,2.1791320406278856,34.24,-118.54
3.6579,48,4.557726465364121,1.014209591474245,1421,2.523978685612789,34.1,-118.26
6.0648,36,5.8983739837398375,0.9105691056910569,608,2.4715447154471546,33.97,-118.01
1.2206,35,3.2215799614643545,1.071290944123314,2106,4.057803468208093,34.01,-118.27
2.1776,38,3.8682432432432434,1.0033783783783783,1107,3.739864864864865,34.96,-120.57
1.5676,43,4.396484375,1.05859375,1479,2.888671875,40.57,-122.38
2.1759,35,5.852320675105485,1.1476793248945147,610,2.5738396624472575,39.93,-122.18
2.6639,29,2.91125,1.04125,1953,2.44125,34.02,-118.46
1.8388,49,3.6518282988871222,1.206677265500795,1105,1.7567567567567568,33.77,-118.18
1.4063,51,4.446428571428571,1.0267857142857142,368,3.2857142857142856,34.06,-117.73
2.865,38,4.556149733,0.9278074866310161,1384,3.700534759358289,34.29,-118.43
3.7625,10,8.442105263157895,1.8526315789473684,540,2.8421052631578947,38.94,-120.72
3.3594,28,5.729903536977492,1.0739549839228295,873,2.807073954983923,40.2,-122.17
2.8562,12,5.7824933687002655,1.1220159151193634,1070,2.8381962864721486,38.83,-120.87
3.0625,25,5.1035598705501615,1.0032362459546926,844,2.7313915857605178,35.41,-119.04
4.8182,19,16.78846153846154,2.9423076923076925,251,2.4134615384615383,39.23,-120.08
2.1157,41,5.1995708154506435,1.0064377682403434,1813,3.890557939914163,32.8,-117.14
3.9167,28,8.839142091152816,1.8123324396782843,923,2.474530831099196,38.38,-123.08
1.2375,35,4.459915611814346,1.0675105485232068,2050,4.324894514767933,36.75,-119.78
4.825,40,5.379647749510763,1.1350293542074363,1375,2.690802348336595,34.13,-118.22
5.9333,17,6.917748917748917,0.961038961,1581,3.4220779220779223,33.95,-117.55
5.0782,28,5.747983870967742,1,1287,2.594758064516129,33.94,-117.95
2.6299,35,4.042402826855124,1.0901060070671378,2222,3.9257950530035335,34.22,-118.46
2.7802,22,4.2925373134328355,1.0865671641791044,1325,3.955223880597015,34.07,-117.97
2.5477,33,4.020376176,1.1677115987460815,2301,3.6065830721003134,33.78,-116.46
1.2647,22,4.997214484679666,1.2116991643454038,1127,3.139275766016713,36.58,-119.63
2.6136,28,3.7789115646258504,1.0204081632653061,526,1.7891156462585034,34.09,-118.36
7.2211,30,6.413157894736842,0.9184210526315789,1005,2.6447368421052633,36.73,-119.69
6.759,4,7.361419068736142,0.9955654101995566,3121,3.4600886917960088,35.33,-119.1
2.875,37,5.802666666666667,1.1146666666666667,1301,3.469333333333333,32.7,-117.08
2.4414,52,2.900293255131965,1.2463343108504399,634,1.8592375366568914,37.78,-122.42
4.3906,41,4.675097276264592,1.0038910505836576,1001,1.9474708171206225,34.02,-118.43
2.5655,16,4.955882352941177,1.0122549019607843,1126,2.7598039215686274,37.76,-120.87
4.2679,33,5.7566462167689165,0.9918200408997955,1447,2.9591002044989776,34.68,-118.14
3.05,17,5.493449781659389,1.1091703056768558,885,3.8646288209606987,37.93,-122.36
3.0526,37,4.068459657701712,0.980440098,1316,3.217603912,33.9,-118.32
3.5446,34,5.233100233100233,0.9184149184149184,1849,4.31002331,32.77,-117.07
3.3333,16,19.119565217391305,3.8768115942028984,657,2.380434782608696,33.83,-116.75
3.5039,46,3.75,0.9920634920634921,910,3.611111111111111,34.08,-118.26
2.3849,11,4.983529411764706,1.0341176470588236,2410,2.835294117647059,37.59,-120.96
1.7566,25,7.107526882,1.5483870967741935,192,2.064516129032258,38.94,-122.63
3.6719,43,4.482084690553746,1.0504885993485342,1674,2.726384364820847,33.86,-118.18
1.27,28,4.672972972972973,1.1324324324324324,929,2.5108108108108107,41.41,-122.37
2.5795,17,5.349304482225657,1.1159196290571871,1947,3.009273570324575,41.77,-124.21
5.1072,49,5.989203778677463,1.0836707152496625,1650,2.2267206477732793,34.13,-118.14
2.5882,33,4.144981412639405,1.174721189591078,583,2.167286245,32.75,-117.19
4.6225,13,6.115695067264574,1.0385650224215246,2828,2.536322869955157,38.54,-121.7
2.478,16,3.838763575605681,1.1203007518796992,2849,2.3801169590643276,33.17,-117.35
3.963,28,5.427893738140417,0.976280835,2672,2.5351043643263758,32.8,-116.98
5.2088,25,5.885304659498208,1.064516129032258,1146,4.107526882,37.34,-121.8
3.4375,46,4.044345898004434,0.9711751662971175,1200,2.6607538802660753,33.86,-118.19
3.1574,6,5.631034483,1.0413793103448277,1769,3.05,36.32,-119.34
2.0625,52,4.323353293413174,1.026946107784431,1154,3.4550898203592815,34.01,-118.3
3.2024,43,4.911421911421911,1.0233100233100234,876,2.041958041958042,33.84,-118.14
7.5674,14,6.477611940298507,1.1059701492537313,1505,2.246268656716418,33.61,-117.85
3.1667,36,5.267175572519084,1.0267175572519085,598,2.282442748091603,33.95,-117.39
4.5,41,4.114558472553699,1.0692124105011933,1621,1.9343675417661097,33.77,-118.15
2.9044,43,5.424657534246576,1.2465753424657535,261,3.5753424657534247,34.02,-118.13
1.8967,52,5,1.0491803278688525,406,3.3278688524590163,36.74,-119.82
3.5357,44,4.687074829931973,0.873015873,1046,2.3718820861678003,34.02,-118.34
11.7794,39,14.666666666666666,1.8095238095238095,59,2.8095238095238093,34.35,-119.5
4.5562,17,6.237218813905931,0.983640082,1490,3.0470347648261757,38.69,-121.25
4.8365,35,5.720634920634921,0.9238095238095239,841,2.6698412698412697,37.33,-121.99
3.55,20,6.138823529411765,1.128235294117647,2302,2.708235294117647,34.12,-118.05
5.817,18,6.982692307692307,1.051923076923077,1700,3.269230769230769,37.68,-121.91
2.1442,52,3.9488636363636362,1.0369318181818181,921,2.616477272727273,37.34,-121.88
6.1281,5,6.6125,1.0892241379310346,7270,3.1336206896551726,34.46,-118.52
3.0568,41,5.95320197,1.0714285714285714,973,2.396551724137931,35.38,-118.96
4.6518,24,6.5764272559852675,1.3296500920810312,1409,2.5948434622467773,33.46,-117.67
3.2596,25,5.227926078028747,1.002053388090349,1338,2.747433264887064,34.54,-117.3
4.5032,19,5.754475703324808,1.0421994884910486,2456,3.1406649616368285,32.95,-117.03
2.3013,34,4.8979591836734695,1.0510204081632653,808,2.748299319727891,35.13,-119.45
10.49,7,10.005873715124816,1.1527165932452277,2175,3.193832599118943,33.53,-117.65
3.6989,13,4.820548909,0.9852216748768473,4251,2.9915552427867698,38.69,-121.36
2.7538,41,4.376731301939058,1.0664819944598338,881,2.440443213296399,37.64,-120.99
1.875,26,5.077702702702703,1.1587837837837838,699,2.3614864864864864,39.77,-121.6
3.0864,29,6.16751269,1.1370558375634519,1087,2.7588832487309647,38.62,-121.32
5.3925,51,5.0067796610169495,0.9491525423728814,750,2.542372881355932,34.2,-118.23
2.1078,30,4.759336099585062,1.053941908713693,1753,3.636929460580913,35.36,-118.95
2.2169,21,5.035175879396985,0.9673366834170855,1397,3.5100502512562812,36.11,-119.58
3.3393,26,4.122270742358078,0.9366812227074236,1550,3.3842794759825328,33.85,-117.94
2.5592,37,4.733974358974359,1.0288461538461537,888,2.8461538461538463,38.52,-121.45
1.5054,13,2.4764795144157814,0.9074355083459787,3356,5.092564491654021,33.75,-117.86
4.0294,41,7.472527472527473,1.3763736263736264,987,2.7115384615384617,38.61,-122.82
4.8187,20,7.664233576642336,1.1569343065693432,910,3.321167883211679,36.96,-120.1
2.0469,15,4.826666666666667,1.176,1157,3.0853333333333333,39.08,-121.53
3.3409,8,3.849744711889132,1.148796498905908,2389,1.7425237053245806,33.68,-117.89
7.2634,12,7.133034379671151,1.0189337319382163,5781,2.8804185351270553,37.77,-122.06
3.0199,25,4.067385444743936,1.0862533692722371,2205,2.9716981132075473,34.15,-118.27
1.7991,43,4.332613390928726,1.019438444924406,1687,3.6436285097192225,34.03,-118.15
4.2011,41,5.054200542,1.062330623306233,825,2.2357723577235773,38.01,-122.68
2.7515,33,4.235772357723577,1.1300813008130082,1785,1.8140243902439024,32.74,-117.28
2.6583,52,4.310204081632653,0.9142857142857143,792,3.232653061,37.78,-122.21
2.4167,26,5,1.0062305295950156,1908,2.971962617,36.07,-119.03
4.3281,19,5.499288762446657,1.1024182076813656,1554,2.210526315789474,32.8,-117.03
2.4632,39,3.9923273657289005,1.1381074168797953,1780,4.552429667519181,34.09,-118.21
2.8106,24,4.886583679,1.0248962655601659,1496,2.0691562932226835,38.65,-121.33
3.023,25,3.441077441077441,0.9797979797979798,1570,5.286195286195286,34.06,-118.05
4.1843,12,6.330083565,1.041782729805014,2033,2.831476323119777,38.62,-120.91
4.635,36,6.693761814744802,1.0775047258979207,1478,2.7939508506616257,37.71,-122.06
2.5321,35,4.196601941747573,1.0631067961165048,1308,3.174757281553398,34.06,-118.12
5.5164,15,6.644012944983818,1.0388349514563107,993,3.2135922330097086,32.75,-116.87
8.5677,28,6.970731707317073,1.0195121951219512,1498,2.435772357723577,34.13,-118.37
2.5195,20,5.049707602339181,1.128654970760234,730,2.134502923976608,37.96,-121.33
1.8214,34,2.664516129032258,1.0825806451612903,2626,3.3883870967741934,34.09,-118.31
2.8548,6,8.095914742451155,1.4280639431616342,1543,2.7406749555950265,34.7,-118.09
2.1773,17,4.04,1.068,1529,3.058,32.59,-117.11
4.0846,36,5.602434077079107,0.9574036511156186,1576,3.1967545638945234,33.94,-118.09
2.4271,42,4.344827586206897,1.0031347962382444,1163,3.645768025,33.9,-118.25
1.3062,10,3.016476552598226,1.0684410646387832,1245,1.5779467680608366,37.78,-122.43
5.7104,5,6.526867627785059,1.0144167758846658,2399,3.144167758846658,37.95,-121.74
3.6806,22,4.666666666666667,0.9629629629629629,196,2.419753086419753,33.76,-117.84
3.4934,27,5.46,1.0466666666666666,451,3.006666666666667,37.57,-120.85
10.7326,11,8.561622464898596,1.1014040561622465,1947,3.0374414976599065,37.3,-122.06
5.5342,9,4.610701107,0.9077490774907749,1111,2.0498154981549814,33.64,-117.75
0.957,52,2.709016393442623,1.2950819672131149,392,1.6065573770491803,40.8,-124.17
1.5208,52,3.9080459770114944,1.1149425287356323,200,2.2988505747126435,37.81,-122.28
1.1806,24,4.3969696969696965,1.1727272727272726,1178,3.56969697,34.09,-117.29
6.7821,16,7.516372795969773,1.022670025188917,1317,3.3173803526448364,37.95,-121.98
1.9937,40,4.076015727391874,1.001310615989515,1557,2.040629095674967,34.08,-118.36
1.7188,40,5.458333333333333,1.1666666666666667,329,3.4270833333333335,37.33,-121.09
3.8633,27,4.26007326,0.9761904761904762,1697,3.108058608058608,33.84,-118.28
3.1042,44,5.069892473,1.0725806451612903,1167,3.1370967741935485,33.8,-118.15
5.6874,16,7.757009345794392,1.102803738317757,733,3.425233644859813,33.16,-117.14
5.5464,3,5.224137931034483,1.0761494252873562,1486,2.1350574712643677,33.7,-117.77
2.6964,21,4.660377358490566,1.1981132075471699,489,4.613207547169812,34.2,-119.18
4.4474,46,4.702127659574468,0.9361702127659575,255,2.7127659574468086,33.93,-118.37
1.7171,17,5.155038759689923,1.050387596899225,408,1.5813953488372092,37.27,-121.95
1.8429,18,4.359797297297297,1.0608108108108107,2732,4.614864864864865,36.54,-119.29
5.5592,31,6.284414106939704,1.0398179749715586,2848,3.2400455062571103,37.39,-121.84
3.375,16,4.576961271102284,1.211519364448858,2147,2.1320754716981134,34.23,-119.18
7.5057,18,6.669117647058823,1.0036764705882353,1922,3.5330882352941178,33.85,-118.04
2.6,36,3.766899766899767,1.083916083916084,773,1.8018648018648018,34.09,-118.36
2.2847,41,3.5281385281385282,1.0909090909090908,775,3.354978354978355,34.01,-118.11
4.0972,52,2.1481481481481484,1.9259259259259258,41,1.5185185185185186,34.05,-118.26
3.0319,49,4.402272727272727,1.0113636363636365,1339,3.043181818181818,33.87,-118.17
2.8056,26,4.673684210526316,0.95,992,2.610526315789474,40.76,-124.17
1.7546,50,1.625514403292181,0.9547325102880658,948,3.9012345679012346,34.03,-118.27
1.4464,35,4.231810490693739,1.101522842639594,1182,2,34.07,-117.65
1.0951,40,4.139359698681733,1.152542372881356,1517,2.8568738229755177,34.12,-117.29
4.0433,13,6.996116504854369,1.112621359223301,1644,3.1922330097087377,33.73,-116.93
5.0353,12,4.6575539568345325,1.0553956834532374,2516,1.8100719424460432,37.56,-122.29
1.7548,30,4.227920227920228,1.1794871794871795,1200,3.4188034188034186,36.21,-121.13
4.9318,20,6.247678018575852,1.0154798761609907,1196,3.7027863777089784,37.34,-121.79
5.4288,6,6.50625,1.03125,1513,3.152083333333333,32.83,-116.83
4.0391,52,6.2439024390243905,1.0627177700348431,782,2.724738675958188,37.76,-122.49
5.3374,2,6,1.125,30,1.875,33.26,-115.8
4.5833,39,4.911111111111111,1.0733333333333333,1023,2.2733333333333334,37.39,-122.08
2.4196,34,3.5202086049543677,0.9947848761408083,2815,3.6701434159061277,33.97,-118.19
11.3283,21,6.1,0.9,182,2.6,37.24,-122.08
3.4028,52,4.429184549356223,1.0643776824034334,1726,3.703862660944206,37.76,-122.41
6.439,6,7.037116345467523,1.033547466095646,4194,2.993576017130621,33.06,-117.25
2.734,26,4.2207920792079205,1.0267326732673268,2199,2.1772277227722774,32.77,-117.04
3.3608,5,5.009725906,1.0415561450044208,3139,2.775419982316534,38.47,-121.44
2.9821,12,4.763888888888889,1.101388888888889,1840,2.5555555555555554,35.12,-120.61
4.25,44,3.8004926108374386,1.1403940886699508,652,1.6059113300492611,33.76,-118.13
3.6583,37,3.625,0.9679054054054054,2009,3.393581081081081,33.96,-118.36
4.6875,33,6.924242424242424,1.1136363636363635,394,2.984848484848485,38.67,-123.01
1.7417,46,5.286885245901639,1.0737704918032787,410,3.360655737704918,38.85,-121.67
4.055,20,5.257950530035336,1.1024734982332156,972,3.4346289752650176,33.83,-118.04
1.2056,23,3.398843930635838,0.9075144508670521,716,4.138728323699422,34,-118.24
2.5395,26,4.5285996055226825,1.0532544378698225,1777,3.504930966469428,33.99,-118.12
4.1477,38,5.530373831775701,1.1214953271028036,891,2.0817757009345796,32.83,-117.31
1.5521,30,3.8506787330316743,1.002262443438914,1966,4.447963800904978,33.99,-118.26
3.3906,48,5.732352941176471,0.9058823529411765,823,2.4205882352941175,34.02,-118.32
5.0767,25,6.042065009560229,0.9694072657743786,1514,2.8948374760994264,34.44,-119.89
4.4167,40,4.973544973544974,0.9973544973544973,1229,3.251322751322751,33.9,-118.1
4.8036,11,6.165432098765432,1.054320987654321,1101,2.7185185185185183,36.83,-119.85
5.0778,16,6.274356103023516,1.0503919372900337,3045,3.4098544232922734,33.86,-118.06
3.7156,15,4.420634920634921,1.0222222222222221,1798,2.853968253968254,32.9,-117.13
3.0565,14,5.696065128900949,1.0705563093622794,3952,2.6811397557666212,38.67,-120.81
2.4375,15,4.851926977687627,1.0537525354969575,1810,1.8356997971602433,33.22,-117.32
3.9,14,6.353932584269663,1.0842696629213484,520,2.9213483146067416,39.05,-121.19
4.4539,28,4.889417360285375,1.0237812128418549,3211,3.8180737217598097,33.83,-118.26
1.5923,52,5.537423312883435,1.2085889570552146,1926,2.363190184,41.2,-122.27
5.6163,33,6.419148936170213,1.0510638297872341,1423,3.027659574468085,34.19,-118.64
3.5445,25,3.872651356993737,1.0594989561586639,2068,2.1586638830897704,37.53,-122.28
2.4234,32,5.0543657331136735,1.0345963756177925,1897,3.125205930807249,35.33,-119.01
3.3942,36,3.8119658119658117,0.9230769230769231,410,3.5042735042735043,33.98,-118.11
2.6205,35,3.6415584415584417,0.9584415584415584,654,1.6987012987012986,34.43,-119.7
4.4828,26,4.9904761904761905,1.0095238095238095,1282,2.441904761904762,33.88,-118.37
3.6815,17,4.765864332603939,1.0437636761487965,1077,2.3566739606126914,33.82,-118.03
2.2222,34,4.935064935064935,1.0415584415584416,1009,2.620779220779221,37.35,-120.61
4.6442,36,6.153526970954357,1.0933609958506223,1231,2.5539419087136928,34.11,-118.09
3.4911,26,5.915119363395226,1.0875331564986737,1155,3.0636604774535807,38.7,-121.37
5.133,17,6.334500875656743,1.0455341506129596,1176,2.0595446584938704,33.51,-117.72
5.1418,32,5.030508474576271,1,928,3.145762711864407,33.79,-117.88
2.7679,33,4.827433628318584,1.0309734513274336,890,3.938053097345133,34.01,-118.08
8.798,10,8.187074829931973,1.0935374149659864,1808,3.074829931972789,33.63,-117.64
5.32,16,6.186153846153847,1.0784615384615384,1488,2.289230769230769,33.8,-118.01
4.4583,44,5.813513513513514,1.1108108108108108,849,2.2945945945945945,37.55,-122.32
5.2174,5,7.306956521739131,1.0782608695652174,3962,3.445217391304348,33.95,-117.21
2.7652,19,4.031775700934579,1.0355140186915888,1349,2.5214953271028038,32.81,-117.13
5.061,34,5.081553398058253,1.083495145631068,1396,2.7106796116504857,33.84,-118.29
6.0274,36,6.2075471698113205,1.0269541778975741,862,2.3234501347708894,37.75,-122.45
2.3462,16,4.676724137931035,0.9353448275862069,356,1.5344827586206897,38,-122.05
4.7188,29,6.511278195488722,1.037593984962406,341,2.563909774,37.95,-122.04
3.875,31,4.416666666666667,0.8809523809523809,208,2.4761904761904763,38.73,-122
2.89,43,5.221238938053097,1.0420353982300885,1041,2.3030973451327434,38.57,-121.52
5.8548,7,6.444206008583691,1.0815450643776825,1143,2.4527896995708156,34.14,-118.79
2.1875,48,4.5,1.0142857142857142,791,2.825,33.99,-118.32
10.3894,32,7.320833333333334,0.9854166666666667,1583,3.2979166666666666,37.4,-122.12
2.3214,36,3.7256944444444446,0.9409722222222222,1385,4.809027777777778,33.9,-118.19
4.1146,45,5.076326002587322,1.0789133247089262,1992,2.5769728331177233,37.91,-122.31
4.0781,48,4.466666666666667,0.9333333333333333,998,3.0242424242424244,37.73,-122.42
2.8529,35,4.933179723502304,1.0092165898617511,1053,2.4262672811059907,40.77,-124.16
3.4551,18,5.438799076212471,1.0254041570438799,1277,2.9491916859122402,32.71,-116.98
2.6563,36,3.072607260726073,0.9207920792079208,778,2.567656765676568,33.86,-117.93
2.9125,28,3.748159057437408,1.1075110456553756,1548,2.279823269513991,34.02,-118.49
2.6055,42,5.054744525547445,0.9963503649635036,740,2.7007299270072993,38.63,-121.42
2.2083,31,4.441860465116279,1.120155039,1163,4.507751937984496,34.06,-118.09
1.3444,32,3.5286458333333335,0.9453125,1427,3.7161458333333335,36.3,-119.2
8.0838,36,7.084935897435898,1.125,1433,2.296474358974359,33.8,-118.38
2.8711,48,4.419700214132762,1.0364025695931478,1055,2.259100642398287,37.76,-122.47
3.2957,35,4.7706855791962175,1.0685579196217494,3878,4.583924349881797,34.1,-117.96
3.7794,39,4.085501859,0.9776951672862454,787,2.925650557620818,34.04,-118.15
3.015,50,3.280334728033473,1.0481171548117154,764,1.598326359832636,33.99,-118.47
4.4896,35,5.540425531914893,1.053191489361702,1465,3.117021276595745,33.9,-118.11
4.9375,11,5.574861367837339,1.11090573,1727,3.192236598890943,33.27,-117.12
3.2857,16,5.146788990825688,1.0428134556574924,880,2.691131498470948,38.34,-122.69
3.7232,33,4.353474320241692,1.0181268882175227,1233,3.7250755287009065,33.76,-117.94
2.4219,34,4.950177935943061,1.0569395017793595,943,3.3558718861209966,36.88,-120.29
4.5135,15,6.566302652106084,1.0608424336973479,1914,2.985959438377535,32.72,-116.98
3.25,52,5.421686746987952,1.1024096385542168,371,2.2349397590361444,37.55,-122.31
2.1779,36,4.490625,1.034375,1073,3.353125,37.6,-120.98
3.5777,32,4.604342581423402,1.068757539,1888,2.2774427020506636,34.21,-118.24
2.9706,17,5.2902892561983474,1.0506198347107438,1470,1.5185950413223142,37.4,-122
6.4288,26,7.0752,0.9984,1936,3.0976,33.79,-118.07
10.5142,23,7.683431952662722,0.9911242603550295,922,2.727810650887574,37.34,-122.08
2.2348,33,3.6658259773013873,1.005044136191677,3212,4.050441361916771,34.09,-118.17
1.8958,12,5.823529411764706,1.4705882352941178,37,2.176470588235294,33.28,-115.95
3.9848,27,5.011472275334608,0.9808795411089866,1063,2.032504780114723,37.36,-122.05
7.0875,41,6.593457943925234,1.088785046728972,626,2.925233644859813,37.79,-122.18
1.9762,52,4.242753623188406,1.1521739130434783,1126,4.079710144927536,34.06,-117.75
5.1194,18,6.477037037037037,1.0903703703703704,1473,2.1822222222222223,33.12,-117.2
2.5553,16,3.717870257037944,1.1113831089351285,2592,1.5862913096695226,32.74,-117.14
3.3702,52,4.576744186046511,1.0976744186046512,784,1.8232558139534885,37.76,-122.44
7.629,34,6.006589786,1.0049423393739703,1390,2.2899505766062602,34.14,-118.47
3.5511,32,4.222543352601156,0.9826589595375722,1909,5.517341040462428,33.72,-117.86
2.9583,37,5.2,0.9278688524590164,675,2.2131147540983607,33.95,-117.41
2.4728,20,4.494974874371859,1.0904522613065326,1113,2.7964824120603016,38.29,-122.3
2.6806,52,5.313207547169811,1.0566037735849056,718,2.709433962264151,37.78,-122.27
7.0504,14,8.009146341463415,1,1121,3.417682926829268,34.18,-118.9
8.3252,41,6.984126984126984,1.0238095238095237,322,2.5555555555555554,37.88,-122.23
2.0547,13,4.867783985102421,1.2104283054003724,1949,3.629422718808194,34.58,-118.12
4.537,29,5.126126126126126,0.9774774774774775,964,4.342342342342342,33.89,-118.07
3.8611,32,5.132978723404255,0.973404255,568,3.021276595744681,38.7,-121.46
3.7632,30,4.360082304526749,1.0390946502057614,1914,1.9691358024691359,37.31,-121.94
3.6969,35,4.474820143884892,1.223021582733813,278,2,34.39,-119.59
1.6875,38,17.26923076923077,4.980769230769231,106,2.0384615384615383,34.19,-116.88
3.6417,52,4.587131367292225,1.034852547,885,2.3726541554959786,37.77,-122.24
2.09,34,3.7880794701986753,0.9768211920529801,1271,4.208609271523179,32.69,-117.11
4.3472,52,5.256,1.268,473,1.892,37.81,-122.42
3.6802,6,4.200221238938053,1.0884955752212389,2437,2.6957964601769913,37.31,-121.87
3.3816,52,4.4869888475836435,1.1226765799256506,1008,3.7472118959107807,37.75,-122.42
3.3333,42,4.689768977,1.0891089108910892,659,2.174917491749175,37.35,-121.95
4.3424,10,5.669135802469135,1.1111111111111112,818,2.0197530864197533,33.03,-117.08
3.025,41,4.992,1.112,770,3.08,34,-117.37
3.1049,19,4.644695543000628,1.0659133709981168,3554,2.231010671688638,33.78,-117.99
6.6854,18,6.648221343873518,0.9901185770750988,1442,2.849802371541502,38.51,-122.69
4.2685,32,5.55794702,1.0281456953642385,1696,2.80794702,34.1,-117.88
2.1406,41,3.67027027,0.9945945945945946,788,4.2594594594594595,33.95,-118.2
4.125,5,5.734177215189874,1.1835443037974684,1453,9.196202532,33.93,-118.07
3.9219,37,4.024024024024024,0.975975976,928,2.7867867867867866,34.12,-118
1.6792,43,3.255357142857143,1.0714285714285714,2339,4.176785714285714,33.79,-118.19
3.5417,52,4.613079019073569,1.0653950953678475,669,1.8228882833787465,37.88,-122.27
3.3565,52,4.510948905109489,1.032846715328467,1531,1.862530413625304,37.76,-122.43
5.0102,25,5.892580287929126,1.070874861572536,1969,2.1805094130675524,33.78,-118.08
4.1548,32,5.222585924713584,1.0376432078559739,1718,2.811783960720131,33.79,-118.03
8.7364,23,7.283112582781457,1.2127483443708609,2750,2.2764900662251657,34.02,-118.66
3.1773,13,4.165915238954013,1.1406672678088368,3385,3.052299368800721,33.74,-117.92
3.1111,43,4.196369636963697,1.0247524752475248,1301,2.1468646864686467,37.57,-122.33
6.0704,26,7.359090909090909,1.018181818181818,706,3.209090909090909,37.94,-122.01
5.4563,10,6.5358024691358025,1.008641975308642,2312,2.854320987654321,33.34,-117.21
5.5714,34,6.2445582586427655,1.0435339308578746,2521,3.2279129321382842,34.27,-118.49
3.1083,33,5.069182389937107,1.0167714884696017,1397,2.9287211740041927,33.96,-118.15
3.6591,52,4.9319066147859925,0.9513618677042801,1094,2.1284046692607004,37.84,-122.25
4.3111,3,7.219685039370079,1.1905511811023621,3838,3.0220472440944883,33.84,-116.47
5.1952,19,6.471810089020772,1.1869436201780414,1272,3.7744807121661723,33.92,-117.92
3.2188,36,5.4770408163265305,1.0612244897959184,1011,2.579081632653061,33.85,-117.93
3.274,39,5.218503937007874,1.1614173228346456,1103,2.171259842519685,33.72,-118.29
4.9773,12,7.302180685358255,1.102803738317757,1035,3.2242990654205608,38.44,-122.01
2.293,29,4.593167701863354,1.049689440993789,1408,4.372670807453416,36.61,-120.19
4.2841,46,6.521390374331551,1.1470588235294117,944,2.5240641711229945,33.84,-118.13
2.8,34,4.585657370517929,0.9322709163346613,563,2.243027888446215,38.59,-121.39
1.6786,52,5.425992779783393,1.3249097472924187,554,2,35.37,-119.03
7.1134,38,5.487341772151899,1.1033755274261603,870,1.8354430379746836,34.11,-118.38
5.575,10,6.247572815533981,1.0097087378640777,3242,3.1475728155339806,35.39,-119.08
3.0208,27,5.6409638554216865,1.0072289156626506,1272,3.0650602409638554,33.96,-117.41
5.5422,32,5.123595505617978,1.0299625468164795,1279,2.3951310861423223,33.66,-117.89
4.09,44,4.719424460431655,1.0035971223021583,668,2.402877697841727,34.27,-119.27
2.9812,22,4.8955696202531644,1.0569620253164558,773,2.4462025316455698,34.09,-117.68
2.5742,32,3.3523809523809525,1.2571428571428571,313,2.980952380952381,37.78,-122.4
15.0001,36,9.368263473053892,1.1736526946107784,862,2.5808383233532934,34.09,-118.44
5.0704,15,5.629955947136564,0.9955947136563876,8997,3.6031237484981977,34.02,-117.9
2.1447,26,3.4859504132231405,1.0760330578512396,2120,3.5041322314049586,33.79,-118.27
3.8864,27,5.163398692810458,1.0245098039215685,1628,2.6601307189542482,32.73,-117.11
3.7102,34,5.729508196721311,0.9098360655737705,532,2.180327868852459,32.8,-117.21
2.8194,24,4.7625,1.0208333333333333,608,2.533333333333333,36.75,-119.85
5.2852,25,6.74,1.05,660,3.3,33.99,-117.96
1.7622,34,3.8434782608695652,1.0367149758454106,2725,2.632850241545894,34.02,-118.35
3.5,37,4.376569037656904,1.0502092050209204,822,3.4393305439330546,37.71,-122.47
4.8274,21,5.832214765100671,0.9899328859060402,983,3.2986577181208054,32.57,-117.12
1.6964,28,3.3043478260869565,1.162471395881007,2145,4.908466819221968,34.19,-119.17
1.9439,26,5.768976897689769,1.141914191419142,891,2.9405940594059405,36.02,-119.08
7.3658,14,7.010324483775811,1.0044247787610618,2138,3.1533923303834808,33.88,-117.85
6.0701,23,7.390804597701149,1.0620689655172413,1411,3.2436781609195404,34.05,-117.16
7.8647,52,7.112962962962963,0.9944444444444445,1391,2.575925925925926,37.45,-122.14
5.1998,5,6.971496437054632,1.160332541567696,1917,2.276722090261283,33.01,-117.07
6.2488,16,5.461538461538462,0.9031339031339032,1324,3.7720797720797723,33.71,-117.9
2.5444,30,4.847953216374269,1.016374269005848,3668,4.2900584795321635,37.79,-122.28
2.0893,46,4.381818181818182,0.9333333333333333,411,2.4909090909090907,33.92,-118.25
3.5962,36,6.095419847328245,1.1488549618320612,632,2.4122137404580153,40.31,-121.24
3.7452,26,5.113951012,1.0117145899893503,2199,2.341853035,38.55,-121.75
4.2625,37,5.925795053003534,0.950530035,689,2.4346289752650176,37.89,-122.05
2.5577,24,3.690533015115354,1.0930787589498807,3093,2.460620525059666,33.83,-118.01
3.9485,23,5.2182410423452765,1.0488599348534202,2295,3.737785016286645,34.15,-119.16
3.6618,36,4.483660130718954,0.9640522875816994,774,2.5294117647058822,34.22,-118.43
2.355,13,6.665263157894737,1.4357894736842105,1250,2.6315789473684212,33.56,-116.72
3.2639,10,5.1156186612576064,1.081135902636917,1335,2.707910750507099,36.13,-120.37
2.1687,41,3.2524038461538463,0.9110576923076923,1536,3.6923076923076925,34.1,-118.23
5.1806,45,5.046511627906977,0.9496124031007752,621,2.4069767441860463,36.97,-122.04
6.617,14,7.108481262327416,0.9980276134122288,3097,3.054240631163708,33.08,-117.25
5.4193,17,5.789340101522843,0.9111675126903553,1226,3.1116751269035534,37.23,-121.79
2.2937,25,5.186264308012487,1.0707596253902185,2414,2.5119667013527573,36.31,-119.79
4.225,34,4.635311143270623,0.9450072358900145,2072,2.9985528219971056,33.83,-118.03
2.7708,4,4.423444976076555,1.3803827751196172,1529,3.6578947368421053,33.99,-118.22
1.6716,32,4.577966101694916,1.2,1880,3.1864406779661016,33.94,-118.29
3.875,27,5.328455284552845,1.053658536585366,1382,2.2471544715447154,34.17,-118.41
3.5568,33,4.858620689655172,1.0586206896551724,633,2.182758620689655,36.6,-121.86
5.8733,17,5.852331606217617,0.9922279792746114,1378,3.569948186528497,33.86,-118.08
7.875,30,7.550925925925926,0.9814814814814815,523,2.4212962962962963,33.89,-117.91
4.9688,15,6.185950413,1.0041322314049588,730,3.0165289256198347,38.68,-121.25
1.9152,44,2.7183811129848228,1.0961214165261384,2028,3.4198988195615514,34.05,-118.3
3.25,36,4.211136890951276,0.988399072,1280,2.9698375870069604,37.68,-122.07
2.0221,33,5.646288209606987,1.1877729257641922,694,3.030567686,36.19,-119.82
2.3125,38,3.3943661971830985,1.0766823161189358,3036,4.751173708920188,33.94,-118.36
2.5158,22,4.006151742993849,1.036226930963773,5436,3.715652768284347,37.64,-122.07
4.0208,52,5.877431906614786,1.1070038910505837,1479,2.877431906614786,37.78,-122.47
4.0774,35,5.225388601036269,0.9922279792746114,1388,3.5958549222797926,33.92,-118.1
4.9306,17,4.635245901639344,0.9672131147540983,622,2.5491803278688523,33.85,-117.86
3.7045,33,5.296774193548387,0.9053763440860215,1235,2.6559139784946235,38.32,-122.31
5.9522,26,6.196521739130435,1.0069565217391305,1479,2.5721739130434784,34.5,-119.75
3.5789,28,5.278438030560272,1.0084889643463497,1559,2.646859083191851,32.73,-117.09
5.417,11,4.925867507886435,1.167192429022082,1223,1.9290220820189274,32.87,-117.23
7.9611,31,6.147058823529412,1.0336134453781514,1149,2.4138655462184873,33.89,-118.4
5.0958,16,5.4281984334203655,1.0287206266318538,746,1.947780678851175,32.79,-117.2
3.3021,36,5.032119914346895,1.068522483940043,1105,2.366167023554604,37.69,-122.08
4.5357,25,6.013371537726838,1.0334288443170965,3200,3.0563514804202483,37.69,-121.79
5.0818,35,5.188405797101449,0.9681159420289855,1277,3.701449275362319,34.22,-118.39
2.4653,34,5.466666666666667,1.0031746031746032,904,2.86984127,37.35,-120.6
3.9464,33,5.507518796992481,0.9849624060150376,731,2.7481203007518795,34.38,-119.06
3.2373,32,4.340096618357488,1.038647342995169,4119,3.979710144927536,34.07,-118.05
2.8824,39,5.2239747634069404,1.0504731861198737,866,2.7318611987381702,35.12,-120.57
6.746,5,7.080645161290323,0.9650537634408602,1173,3.153225806451613,34.05,-117.14
1.8571,39,4.914342629482071,1.0537848605577689,1433,2.854581673306773,39.91,-122.19
2.0057,17,5.100806451612903,1.060483870967742,1024,2.064516129032258,37.97,-120.33
4.0214,16,4.345273631840796,1.155223880597015,2164,2.153233830845771,33.75,-117.84
3.1592,33,5.495103373231774,1.0489662676822633,2293,2.495103373231774,35.15,-119.45
3.3565,26,4.169491525423729,1.059725585149314,2738,2.2098466505246166,33.82,-118.36
2.1935,52,4.040697674418604,1.1395348837209303,1767,3.4244186046511627,33.73,-118.28
3.375,33,3.732456140350877,1.013157894736842,936,4.105263157894737,34.08,-118.17
5.7068,9,5.861561119293078,1.0839469808541973,1705,2.5110456553755522,37.7,-121.76
2.2264,11,2.8994152046783626,1.0526315789473684,2466,2.8842105263157896,34.19,-118.45
6.1504,19,5.710451977,1.079096045,2196,3.1016949152542375,37.4,-121.86
4.0208,28,5.986666666666666,1.0711111111111111,713,3.168888888888889,37.84,-121.23
1.6521,36,4.068476977567887,1.1216056670602126,2460,2.9043683589138136,38.52,-121.44
3.2305,35,5.2272727272727275,0.9393939393939394,730,2.765151515151515,34.08,-117.34
2.5769,35,4.8700906344410875,1.0694864048338368,887,2.6797583081570995,37.95,-122.32
2.5993,33,4.1016260162601625,0.967479675,1027,4.174796748,37.6,-121.02
1.8417,33,3.7804878048780486,0.9817073170731707,420,2.5609756097560976,32.63,-117.09
3.425,36,3.6749654218533885,1.020746887966805,2274,3.145228215767635,34.07,-118.3
3.9828,36,5.761363636363637,0.9914772727272727,820,2.3295454545454546,32.8,-117.07
3.25,52,3.6810344827586206,0.7931034482758621,233,2.0086206896551726,34.02,-118.35
3.3229,44,4.412280701754386,0.9539473684210527,1454,3.188596491,34.1,-118.11
2.3266,43,4.478823529411764,1.12,1484,1.7458823529411764,38.58,-121.47
3.2,52,6.108374384236453,1.160919540229885,1424,2.3382594417077174,39.27,-121.02
3.8088,34,5.630573248407643,0.964968153,888,2.828025477707006,36.8,-119.7
1.6548,35,4.879417879417879,1.0935550935550935,1676,3.4844074844074844,36.75,-119.76
2.1782,29,5.3261455525606465,1.196765498652291,1254,3.3800539083557952,33.88,-118.21
2.5417,22,3.103448275862069,1.0251989389920424,2226,2.952254641909814,34.13,-118.25
9.1228,17,7.811142587346553,1.0415486307837583,6214,2.9338999055712938,34.16,-118.67
3.3675,33,4.841446453,0.9847009735744089,1726,2.400556328233658,32.78,-117.02
0.8131,8,3.114343029087262,1.259779338014042,1086,1.0892678034102308,34.05,-118.25
4.8295,43,5.9175,1.0225,1141,2.8525,37.62,-122.42
2.0192,18,4.4268707482993195,0.9795918367346939,1616,2.748299319727891,39.75,-122.2
4.25,24,5.353436185,1.1037868162692848,1656,2.3225806451612905,33.78,-117.84
2.8235,32,5.101321585903084,1.0748898678414096,598,2.6343612334801763,39.03,-121.37
4.6477,52,4.625396825396826,0.926984127,621,1.9714285714285715,37.76,-122.45
4.2143,34,5.402810304449648,0.9086651053864169,1168,2.7353629976580796,34.18,-118.52
2.425,46,4.927710843373494,1.0180722891566265,772,2.325301204819277,36.33,-119.31
5.0091,33,5.883771929824562,0.956140351,1520,3.3333333333333335,33.77,-118.02
1.9402,46,4.9900249376558605,1.0673316708229426,1384,3.451371571072319,37.95,-121.25
2.8958,10,3.5535714285714284,0.7321428571428571,61,1.0892857142857142,33.93,-118.37
4.1029,33,4.9125,0.95,330,4.125,32.58,-117.1
2.9271,6,2.4880763116057234,0.9523052464228935,3157,5.019077901430842,33.75,-117.86
5.6716,15,6.286050156739812,1.0195924764890283,7732,3.029780564263323,33.98,-117.95
1.7708,9,4.152284263959391,1,358,1.8172588832487309,39.52,-121.56
2.4821,17,4.716494845360825,1.0257731958762886,1110,2.8608247422680413,37.12,-121.63
3.4695,6,6.402402402402402,1.1246246246246245,2005,3.0105105105105103,34.42,-117.56
1.3929,52,5,0.9534883720930233,126,2.9302325581395348,37.92,-122.36
5.0369,12,5.624233128834356,0.9815950920245399,2173,3.3328220858895707,37.81,-121.21
3.0284,25,4.240802675585284,0.9431438127090301,991,3.314381271,32.57,-117.06
3.7857,39,5.6635071090047395,1.052132701421801,1246,2.9526066350710902,34.06,-118.14
2.1513,43,4.407166123778501,1.0863192182410424,1531,2.493485342019544,32.73,-117.13
3.0083,25,3.3438661710037176,1.0353159851301115,3416,6.349442379182156,33.74,-117.88
7.6632,28,7.819905213270142,0.995260664,557,2.639810426540284,33.95,-117.35
7.1155,52,8.822134387,1.150197628458498,731,2.889328063241107,37.97,-122.55
3.9323,5,6.017738359201774,1.1019955654101996,2725,3.0210643015521064,38.15,-121.32
3.7619,47,4.997361477572559,1.0765171503957784,1629,4.298153034300792,34.04,-118.2
1.7197,34,4.377777777777778,1.0571428571428572,1156,3.6698412698412697,35.37,-118.97
4.7396,52,7.098245614035088,1.056140350877193,649,2.2771929824561403,32.76,-117.18
6.148,34,6.218954248366013,0.9575163398692811,887,2.8986928104575163,33.97,-118.02
5.6177,21,6.888586956521739,1.0407608695652173,1012,2.75,34.71,-120.47
3.7568,4,5.727411944869831,1.1439509954058193,6666,2.5520673813169985,33.22,-117.3
8.7385,16,8.244623655913978,1.064516129032258,1275,3.4274193548387095,33.69,-117.79
5.22,18,5.967583497053045,1.037328094302554,2571,2.525540275049116,34.16,-118.84
2.9297,28,4.699551569506727,1.1375186846038865,1737,2.596412556053812,37.79,-122.19
3.2368,44,5.264840182648402,1.086757991,657,3,36.98,-122.02
3,34,6.255319149,1.0425531914893618,147,3.127659574468085,37.5,-121.21
3.7807,9,4.997677119628339,1.0452961672473868,2240,2.6016260162601625,34.68,-118.16
1.7217,16,3.8107142857142855,1.1482142857142856,1555,2.7767857142857144,33.22,-117.22
3.141,43,5.0736,1.064,1534,2.4544,32.76,-117.04
4.0679,24,6.347394540942928,1.0496277915632755,1149,2.8511166253101736,38.91,-121.11
5.3377,40,5.768656716417911,1.0242537313432836,1457,2.718283582089552,34.14,-118.09
1.7778,38,3.3792486583184256,1.0107334525939178,2087,3.7334525939177103,33.95,-118.21
3.4265,36,4.843971631205674,1.127659574468085,505,3.5815602836879434,38,-121.12
4.6833,17,5.235831809872029,0.8903107861060329,1482,2.709323583180987,38.26,-122.61
2.5074,35,4.882154882154882,1.0942760942760943,717,2.414141414141414,40.42,-120.66
2.3929,30,3,1.0833333333333333,220,4.583333333333333,32.59,-117.08
4.7734,41,6.572549019607843,1.031372549019608,757,2.9686274509803923,34.21,-118.21
1.7222,18,4.7908745247148286,1.0190114068441065,576,2.1901140684410647,37.29,-120.44
3.5313,39,5.660194174757281,1.0776699029126213,640,3.1067961165048543,33.9,-118.36
4.7703,52,5.070904645476773,0.980440098,1136,2.7775061124694376,37.75,-122.48
2.6518,39,5.296786389413989,1.168241965973535,1524,2.880907372400756,33.96,-118.3
6.5722,34,6.1943231441048034,1.0043668122270741,1344,2.9344978165938866,34.11,-118.03
3.6181,38,4.0518653321201095,1.0518653321201092,1830,1.6651501364877161,34.11,-118.28
3.0927,40,4.818181818181818,1.0129870129870129,584,2.5281385281385282,33.98,-118.36
7.0598,25,6.965986394557823,0.9863945578231292,357,2.4285714285714284,34.31,-118.49
5.1023,25,5.833667334669339,1.0681362725450902,1137,2.278557114228457,32.86,-117.25
4.3429,33,5.4012066365007545,1.1070889894419307,1780,2.6847662141779787,37.07,-122.09
2.037,42,4.497175141242938,1.1468926553672316,697,3.937853107344633,33.96,-118.27
3.775,47,5.419117647058823,0.9264705882352942,370,2.7205882352941178,37.7,-122.47
3.5039,29,5.921501706484642,1.1023890784982935,805,2.7474402730375425,36.22,-119.33
3.9875,32,5.392241379310345,0.9482758620689655,700,3.0172413793103448,33.2,-117.35
2.8089,30,4.4,1.0793388429752067,1997,3.3008264462809915,32.68,-117.09
2.5363,25,4.632016632016632,1.1101871101871101,1130,2.3492723492723493,38.59,-121.4
4.8333,34,4.647859922178989,1.0136186770428015,1560,3.035019455252918,34.21,-118.59
2.3667,39,3.572463768115942,1.2173913043478262,259,1.8768115942028984,34.15,-118.33
2.885,9,5.323108384458077,1.0143149284253579,4660,4.764826176,33.71,-117.82
5.0282,35,5.6415929203539825,0.9823008849557522,959,4.243362831858407,34.22,-118.52
2.625,30,3.923841059602649,1.0496688741721854,1466,4.854304635761589,34.05,-117.74
6.5843,20,7.351201478743068,0.9981515711645101,1886,3.4861367837338264,33.88,-117.86
5.4322,35,6.903465346534653,1.1014851485148516,1156,2.8613861386138613,37.51,-122.3
3.9286,25,4.711640211640212,0.9232804232804233,918,2.4285714285714284,33.84,-117.88
11.806,30,8.838842975206612,1.0743801652892562,742,3.0661157024793386,37.37,-122.13
1.9722,35,3,0.9887640449438202,1586,3.5640449438202246,34.07,-118.23
3.4722,34,5.114457831325301,1.0783132530120483,2108,4.232931726907631,34.04,-117.98
4.0625,31,5.505617978,1.0674157303370786,1356,3.808988764044944,33.82,-118.01
5.3799,4,7.944629014396456,1.1877076411960132,5839,3.233111849390919,34.63,-118.22
1.4851,52,3.1909722222222223,1.2013888888888888,851,1.4774305555555556,34.42,-119.71
4.005,48,5.702702702702703,1.054054054054054,539,2.4279279279279278,34.05,-118.37
5.0509,5,5.333333333333333,1.0029498525073746,825,2.433628318584071,37.26,-121.84
6.6361,17,7.557562076749436,1.0857787810383748,1222,2.7584650112866815,32.82,-116.75
9.802,8,6.918032786885246,1.1475409836065573,375,2.0491803278688523,33.62,-117.87
2.5164,36,4.181297709923665,1.0133587786259541,1563,2.982824427480916,37.96,-122.35
3.4883,52,4.914516129032258,1.0338709677419355,1427,2.3016129032258066,37.78,-122.48
4.6674,16,5.722154222766218,1.0208078335373316,2188,2.6780905752753976,32.84,-116.92
3.6027,17,6.162251655629139,1.109271523178808,1561,2.584437086092715,32.87,-116.93
1.78,38,3.9756944444444446,1.125,596,2.0694444444444446,38.57,-121.48
4.5833,36,5.627450980392157,1.0374331550802138,1842,3.283422459893048,33.77,-117.93
4.3898,52,5.326621924,1.1006711409395973,1485,3.3221476510067114,37.73,-122.44
3.835,43,4.769087523277467,1.0130353817504656,1063,1.9795158286778398,33.84,-118.18
4.1071,37,6.272842639593908,1.0799492385786802,2164,2.746192893401015,33.76,-117.87
2.9306,48,5.083950617283951,0.9580246913580247,834,2.0592592592592593,36.76,-119.81
4.375,34,4.532051282051282,1.0192307692307692,381,2.4423076923076925,37.6,-122.39
7.6012,4,7.265682656826568,1.033210332103321,805,2.970479704797048,33.47,-117.63
2.3173,25,4.329824561403509,1.231578947368421,507,1.7789473684210526,33.85,-117.88
3.3578,35,5.45,0.9735294117647059,958,2.8176470588235296,37.8,-121.1
2.9934,35,3.349425287356322,1.0735632183908046,1334,1.5333333333333334,34.02,-118.5
3.625,24,5.174657534246576,1.0890410958904109,1052,3.6027397260273974,37.09,-121.6
5.1781,3,7.107116104868914,1.0614232209737828,4095,3.067415730337079,38.39,-121.98
2.5909,43,5.147208121827411,1.215736040609137,1074,2.7258883248730963,33.99,-118.32
2.2863,5,4.106457242582897,1.0610820244328099,2505,4.371727748691099,36.6,-119.44
3.5625,15,16.611764705882354,2.9529411764705884,703,2.756862745098039,34.25,-117.17
2.7656,36,5.286407766990291,1.1771844660194175,914,2.2184466019417477,34.11,-118.06
4.0693,16,5.536585365853658,1.0208034433285509,4383,3.144189383070301,32.86,-116.98
5.9174,23,7.102439024390244,1.026829268292683,1132,2.7609756097560973,38.59,-121.34
2.1389,39,4.226804124,1.090721649484536,1959,4.039175257731959,33.96,-118.21
5.1782,33,6.228571428571429,0.9673469387755103,906,3.6979591836734693,33.84,-117.88
2.8043,27,4.0627450980392155,1.0470588235294118,1118,2.1921568627450982,32.75,-117.21
1.5474,44,4.674931129476584,1.137741046831956,1396,3.8457300275482096,32.71,-117.13
4.3833,14,6.481308411214953,1.0537383177570094,1292,3.0186915887850465,39.15,-121.68
7.8193,33,6.881533101045296,0.9442508710801394,801,2.7909407665505226,34.28,-118.52
6.3974,29,5.9934533551554825,0.9590834697217676,1626,2.6612111292962357,33.85,-118.37
3.0912,40,4.396261682242991,1.0018691588785047,1430,2.6728971962616823,36.84,-121.4
1.63,12,3.3986013986013988,0.9405594405594405,1134,3.965034965034965,35.87,-119.27
3.8173,31,4.896193771626297,1.1730103806228374,874,3.0242214532871974,33.91,-118.31
1.8396,44,4.775628626692456,1.0986460348162477,1363,2.6363636363636362,34.13,-117.28
2.4632,24,2.7470389170896783,1.083756345177665,2642,2.2351945854483923,34.07,-118.28
2.6974,31,4.614906832298137,1.0714285714285714,823,2.5559006211180124,35.12,-120.61
4.1837,22,5.670781893004115,1.0617283950617284,1849,3.8045267489711936,32.7,-117.02
6.9261,24,7.150753768844221,1.035175879396985,1954,3.273031825795645,33.69,-117.95
5.1836,36,5.926267281105991,0.9700460829493087,1318,3.0368663594470044,33.84,-118.1
2.2866,19,4.143884892086331,1.0287769784172662,2010,3.615107913669065,32.7,-117.03
3.5508,27,5.785,1.0883333333333334,1793,2.9883333333333333,38.34,-120.98
3.7969,14,5.105603448275862,1.3017241379310345,1546,3.331896551724138,33.91,-118.09
2,17,4.022935779816514,1.0045871559633028,966,4.431192660550459,36.42,-119.09
2.9375,17,5.021396396396397,1.063063063063063,1812,2.0405405405405403,38.16,-122.25
5.0956,21,5.808917197452229,1.0414012738853504,2266,3.6082802547770703,33.7,-117.87
3.5852,36,5.4411764705882355,0.9575163398692811,846,2.764705882352941,38.65,-121.3
2.3438,34,2.45625,1.065625,1239,3.871875,34.07,-118.27
2.5489,18,11.901869158878505,2.163551401869159,411,1.9205607476635513,33.78,-116.53
2.525,17,3.7874306839186693,1.0129390018484288,2243,4.146025878003697,34.24,-118.42
3.5234,35,5.5588235294117645,0.9926470588235294,423,3.110294117647059,32.82,-117.22
3.1446,13,3.284815106215578,1.039339103,2257,1.7757671125098349,34.22,-119.06
3.6523,28,5.551546391752577,1.0618556701030928,2086,2.6881443298969074,38.02,-122.1
2.1927,27,4.848806366047746,1.0654288240495138,2645,2.3386383731211318,34.01,-117.05
7.2419,38,7.173684210526316,1.0473684210526315,1059,2.786842105263158,34.17,-118.06
3.6111,24,4.550295857988166,1.0059171597633136,842,1.660749506903353,37.5,-122.26
2.0326,19,3.9211703958691912,1.0647160068846815,7178,2.4709122203098106,32.79,-116.95
1.7805,32,4.199831365935919,1.118043844856661,3779,3.1863406408094437,33.72,-116.23
3.2321,11,7.041467305,1.1531100478468899,1520,2.4242424242424243,38.71,-121.19
3.0938,34,5.424568965517241,1.040948275862069,1324,2.853448275862069,38.58,-122.45
4.1786,36,4.776699029126213,0.8883495145631068,615,2.9854368932038833,33.92,-118.13
3.875,11,9.375464684,2,616,2.2899628252788102,33.04,-116.61
2.6458,50,3.2091836734693877,0.9591836734693877,742,3.7857142857142856,37.79,-122.25
5.1082,33,4.940828402366864,1.0710059171597632,781,4.621301775147929,37.38,-121.84
4.2891,24,6.082191780821918,1.126027397260274,894,2.4493150684931506,38.42,-122.55
1.7878,16,4.329563812600969,1.137318255250404,975,1.5751211631663975,35.13,-120.63
2,43,2.496732026143791,1.0522875816993464,1275,4.166666666666667,34.07,-118.25
2.0357,34,4.906103286384977,1.1220657276995305,896,2.103286384976526,36.64,-118.05
2.3929,11,4.912408759124087,1.0583941605839415,318,2.321167883211679,38.09,-122.11
2.7838,19,4.640148011100832,1.0851063829787233,2750,2.543940795559667,32.62,-117.07
13.1738,19,7.893732970027248,1.125340599455041,860,2.343324250681199,33.61,-117.9
1.76,52,2.6363636363636362,0.8181818181818182,48,2.1818181818181817,38.31,-122.28
3.0135,47,4.206270627062707,1.033003300330033,1388,2.2904290429042904,33.79,-118.2
2.7452,33,4.9564270152505445,1.0217864923747277,1691,3.684095860566449,33.96,-117.42
3.3672,18,10.386666666666667,1.8373333333333333,1086,2.896,34.26,-117.28
2.25,7,4.855450236966824,1.1421800947867298,1387,3.286729857819905,35.99,-120.12
2,37,3.7296137339055795,1.0343347639484979,1040,4.463519313304721,33.94,-118.24
2.2661,16,5.783050847457627,1.1305084745762712,1873,3.1745762711864405,40.37,-120.58
4.2614,16,5.529262086513995,1.015267175572519,1460,3.7150127226463106,32.92,-117.13
3.8819,39,5.5559701492537314,1.1343283582089552,700,2.611940298507463,34.44,-119.72
2.6328,11,4.1294387170675835,1.0080183276059564,3637,4.166093928980527,33.89,-118.17
2.4559,39,4.875502008032129,1.0040160642570282,660,2.6506024096385543,39.21,-122.01
2.1845,36,4.8121546961325965,1.1104972375690607,2862,15.812154696132596,34.06,-118.17
2.558,15,3.8518518518518516,0.9590643274853801,2024,1.972709552,37.32,-120.47
5.8722,34,5.734939759036145,0.9116465863453815,890,3.574297189,34.05,-117.95
4.6583,30,5.2742759795570695,1.069846678,1676,2.8551959114139693,33.93,-118.15
2.7188,26,6.828,1.232,761,3.044,41.07,-121.11
4.0653,14,3.850920245398773,1.0687116564417178,3025,1.8558282208588956,37.3,-121.93
2.905,37,5.044444444444444,1.0722222222222222,1400,2.5925925925925926,38,-121.81
4.3409,30,5.1305084745762715,1.023728813559322,1970,3.3389830508474576,34.32,-118.42
3.625,37,5.865671641791045,1.0865671641791044,796,2.3761194029850747,36.78,-119.81
4.6681,19,6.050802139037433,1.1096256684491979,2318,3.0989304812834226,33.83,-118.04
1.1915,45,5.594377510040161,1.180722891566265,521,2.0923694779116464,41.31,-122.32
3.962,43,4.536723163841808,1.152542372881356,862,2.4350282485875705,34,-118.45
2.125,24,4.3355704697986575,0.8993288590604027,454,3.046979865771812,36.95,-120.06
2.8203,24,4.997840172786177,1.0107991360691144,1549,3.345572354211663,35.05,-120.48
2.2101,16,10.385245901639344,2.2827868852459017,638,2.6147540983606556,39.86,-121.14
3.8333,24,5.733333333333333,1.4,79,2.6333333333333333,37.67,-119.81
1.4028,37,4.596153846153846,0.9423076923076923,308,5.923076923076923,33.93,-118.23
2.2411,20,3.835570469798658,1.1610738255033557,578,1.9395973154362416,37.96,-122.04
2.2301,26,5.2527027027027025,1.0527027027027027,2512,3.3945945945945946,37.92,-122.33
3.1768,31,5.010869565217392,1.0942028985507246,1441,2.6105072463768115,38.11,-122.21
10.3416,36,7.525,1.025,740,2.642857142857143,37.9,-122.2
5.0162,19,7.0534653465346535,1.0495049504950495,1607,3.1821782178217823,36.6,-121.7
2.9861,26,4.310645724,1.0924956369982548,1174,2.048865619546248,37.97,-122.04
5.6409,3,7.837745516652434,1.0832621690862512,8437,3.602476515798463,33.97,-117.21
3.0278,35,4.053571428571429,1.0138888888888888,1089,2.1607142857142856,37.53,-122.29
2.1199,34,3.2557840616966582,1.1079691516709511,2011,2.5848329048843186,32.72,-117.14
5.2128,49,5.781021897810219,0.9927007299270073,331,2.4160583941605838,36.97,-122.04
4.0153,25,4.276595744680851,1.0653495440729484,1139,1.7310030395136777,34.05,-118.39
3.6563,19,5.125,0.9791666666666666,1346,2.8041666666666667,38.59,-121.29
2.0511,21,3.2589285714285716,1.1741071428571428,965,4.308035714285714,34.07,-118.44
2.7955,36,3.672972972972973,0.8567567567567568,1557,4.208108108108108,34.05,-118.03
3.7143,47,4.831325301204819,0.944578313,1134,2.7325301204819277,33.96,-118.31
12.8763,50,7.074183976261128,0.9258160237388724,836,2.4807121661721068,34.12,-118.28
4.9024,16,5.813267813267813,0.9631449631449631,1482,3.6412776412776413,32.92,-117.15
5.3991,29,6.380281690140845,1.039003250270856,2784,3.0162513542795235,37.59,-122.48
3.587,20,6.027397260273973,1.0767123287671232,996,2.728767123287671,35.33,-120.8
3.4625,52,4.953271028037383,1.1214953271028036,1127,3.5109034267912773,34.12,-118.21
3.3958,25,6.06980057,1.272079772079772,2319,3.3034188034188032,34.11,-117.42
6.0715,24,6.782051282051282,0.9487179487179487,676,2.888888888888889,34.04,-117.2
5.4216,25,6.428308823529412,0.9430147058823529,1839,3.380514705882353,33.81,-118.06
4.7,36,6.0201005025125625,1.0577889447236182,1064,2.6733668341708543,34.21,-118.51
6.7612,28,7.285714285714286,1.0607142857142857,848,3.0285714285714285,34.2,-118.85
1.375,35,4.058098591549296,1.1161971830985915,1978,3.482394366197183,33.97,-118.28
4.163,30,4,1,103,2.942857142857143,38.36,-121.98
2.5677,16,4.326133909287257,1.1511879049676026,5110,3.6789056875449964,34.07,-117.62
3.9732,28,4.6524663677130045,1.0381165919282511,1216,2.726457399103139,33.86,-118.35
3.4125,30,4.489010989010989,1.0247252747252746,771,2.118131868131868,33.65,-117.9
2.1471,33,4.313131313131313,1.1868686868686869,645,3.257575757575758,33.99,-118.47
3.5781,4,19.178571428571427,2.8452380952380953,275,3.2738095238095237,33.89,-117.13
3.6415,15,7.491891891891892,1.335135135135135,703,3.8,34.01,-117.37
7.8521,52,7.794392523364486,1.0514018691588785,517,2.4158878504672896,37.86,-122.24
1.2826,48,2.3865546218487395,0.8739495798319328,422,3.546218487394958,33.96,-118.21
7.2478,25,7.855392156862745,1.0024509803921569,1291,3.1642156862745097,33.9,-117.86
4.725,16,6.157205240174672,0.9126637554585153,741,3.2358078602620086,38.24,-122.6
4.1667,48,5.339160839160839,1.0314685314685315,589,2.0594405594405596,34.09,-118.27
5.0206,8,6.5,0.9862068965517241,835,2.8793103448275863,34.95,-120.4
3.2188,39,2.0434782608695654,0.6956521739130435,51,2.217391304347826,33.99,-118.21
5.1112,4,7.366459627329193,1.1211180124223603,1017,3.158385093167702,34.49,-117.25
6.641,2,5.483050847457627,1.152542372881356,203,1.7203389830508475,37.91,-122.51
3.5,35,4.806179775280899,0.9410112359550562,825,2.317415730337079,34.08,-117.89
5.2882,25,5.987197724039829,1.0398293029871977,2568,3.6529160739687057,37.54,-122.05
4.0403,16,6.438813349814586,1.1334981458590854,2284,2.823238566131026,35.18,-120.57
2.2206,34,5.433962264150943,1.0075471698113208,1018,3.841509433962264,36.62,-119.5
5.3409,15,6.081081081081081,1.0115830115830116,716,2.7644787644787643,38.48,-122.68
7.5604,9,6.696969696969697,0.9437229437229437,683,2.9567099567099566,32.91,-117.08
3.5938,34,4.582633053221288,1.0028011204481793,977,2.7366946778711485,33.9,-118.02
3.9934,41,5.004830917874396,1.1859903381642511,742,1.7922705314009661,33.75,-118.12
3.4861,32,5.111398964,1.038860103626943,1322,3.4248704663212437,34.01,-118.08
4.976,3,6.572016461,1.0345679012345679,3664,3.0156378600823044,38.33,-121.96
3.569,15,5.2100396301188905,0.9854689564068693,2355,3.1109643328929986,35.32,-119.06
6.7694,9,7.675675675675675,1.0196560196560196,1169,2.8722358722358723,34.88,-120.44
3.475,16,5.485074626865671,0.9776119402985075,1333,3.315920398,33.6,-117.69
3.1711,52,5.058309037900875,1.0116618075801749,712,2.075801749271137,38.23,-122.65
7.309,8,7.745454545454545,1.1090909090909091,241,4.381818181818182,37.44,-121.85
4.0379,34,5.275862068965517,0.9605911330049262,1305,3.2142857142857144,33.98,-118.05
7.5349,33,7.002890173410405,0.930635838,998,2.884393063583815,37.89,-122.04
2.3194,20,5.7781456953642385,1.1523178807947019,1093,3.619205298013245,36.77,-120.21
1.9286,35,4.480662983425415,1.0856353591160222,1296,3.5801104972375692,34.13,-117.31
3.625,21,4.8817733990147785,1.0344827586206897,695,3.4236453201970445,32.69,-117.05
4.7969,15,6.639393939,1.084848484848485,1150,3.484848484848485,36.77,-121.65
3.2297,10,3.4607961399276235,1.1351025331724969,2162,2.6079613992762365,34.2,-118.6
3.5341,15,5.681710213776722,1.0593824228028503,747,1.7743467933491686,33.1,-117.31
4.2829,30,4.186813186813187,1.0952380952380953,776,2.8424908424908426,33.89,-118.35
4.0556,49,4.968599033816425,1.038647342995169,1103,2.6642512077294684,34.1,-118.12
15.0001,52,8.461538461538462,1.2307692307692308,55,2.1153846153846154,37.19,-121.59
1.3,11,7.141242937853107,1.5310734463276836,370,2.0903954802259888,39.09,-122.53
15.0001,31,9.425101214574898,1.0931174089068827,722,2.923076923076923,37.44,-122.2
4.1696,18,6.1661016949152545,0.9593220338983051,919,3.1152542372881356,36.82,-121.64
5.2015,6,5.69647848,1.0519843487982112,4377,2.446618222470654,38,-122.09
4.5659,5,6.012958963282937,1.1195104391648667,3723,2.6803455723542116,34.67,-118.17
2.1354,29,3.687218045112782,1.0526315789473684,3029,4.5548872180451125,34.05,-117.74
3.94,31,5.0903846153846155,1.0365384615384616,1473,2.832692307692308,34.1,-118.03
2.19,35,4.206806282722513,1.0026178010471205,1407,3.683246073298429,36.75,-119.76
1.9688,37,4.017021276595744,1.0382978723404255,1107,4.7106382978723405,34.28,-118.44
2.8152,27,6.142028985507246,1.0811594202898551,1268,3.6753623188405795,36.16,-119.45
3.6548,29,4.6434540389972145,0.9916434540389972,2919,4.0654596100278555,34.3,-118.42
5.0672,24,5.919776119402985,1.0223880597014925,1351,2.5205223880597014,37.95,-122.08
2.9018,52,4.621212121212121,1.0984848484848484,281,2.128787878787879,37.85,-122.28
7.1882,27,7.582352941,0.9235294117647059,976,2.8705882352941177,33.77,-117.82
6.6155,20,6.106463878326996,1.0874524714828897,1064,2.0228136882129277,33.6,-117.87
5.6917,18,6.062909567496724,1.0773263433813893,2794,3.6618610747051115,33.87,-118.04
3.0915,31,4.812646370023419,1.1077283372365339,1326,3.1053864168618266,33.11,-117.07
4.6964,31,6.316770186335404,1.0403726708074534,966,3,36.59,-121.91
2.2708,18,2.5711354309165526,1.1087551299589604,3296,2.2544459644322847,34.07,-118.3
3.6273,7,6.651162790697675,1.140396210163652,2975,2.5624461670973298,33.61,-117.21
2.2417,48,5.048484848484849,1.1393939393939394,652,3.9515151515151516,38.09,-122.25
1.2778,42,3.4615384615384617,1.1497975708502024,890,3.603238866396761,34,-118.28
4.1827,31,5.915555555555556,1.0888888888888888,598,2.6577777777777776,37.59,-122.55
2.7717,25,5.79175705,1.143167028199566,936,2.0303687635574836,33.12,-117.32
1.2098,38,4.410638297872341,1.0638297872340425,1657,3.525531914893617,33.93,-118.27
4.2312,22,4.488027366020525,0.9806157354618016,3508,4,37.36,-121.83
3.8958,52,5.362989323843417,1.003558719,929,3.306049822064057,37.72,-122.44
3.0521,29,5.987234042553191,1.127659574468085,556,2.3659574468085105,38.54,-121.42
1.6073,14,4.321951219512195,1.0808362369337978,5561,3.8752613240418117,36.74,-119.73
1.398,14,5.654223968565815,1.2121807465618861,1011,1.9862475442043221,37.51,-119.99
1.5714,39,3.830357142857143,1.0178571428571428,1222,5.455357142857143,36.52,-119.29
2.6875,16,5.303523035230352,1.1056910569105691,865,2.3441734417344176,36.98,-121.91
4.3194,43,6.200716845878136,1.168458781362007,629,2.2544802867383513,37.91,-122.69
3.1167,20,4.527202073,1.0595854922279793,2186,2.831606218,36.96,-121.98
10.9201,22,8.604754829123328,1.049034175334324,2059,3.0594353640416045,34.15,-118.57
4.4567,27,5.626288659793815,0.9381443298969072,1458,3.7577319587628866,34.17,-119.19
3.9537,44,4.4282407407407405,1.0208333333333333,1295,2.997685185185185,34.03,-118.38
2.3523,28,5.206896551724138,1,535,2.3060344827586206,37.77,-120.86
12.8879,28,7.703196347031963,1.0319634703196348,2431,2.7751141552511416,34.14,-118.51
4.125,12,4.372197309,1.095291479820628,1690,1.8946188340807175,32.98,-117.26
10.0825,52,8.209016393442623,1.0245901639344261,658,2.696721311,37.9,-122.28
4.2823,16,6.170398009950249,1.1218905472636815,2654,3.300995024875622,37.66,-120.96
5.5337,52,5.188940092165899,0.8940092165898618,1033,2.380184331797235,37.77,-122.27
3.4408,44,4.867881548974943,1.0501138952164009,1126,2.5649202733485192,33.87,-118.18
2.1979,16,6.166666666666667,1.121212121212121,704,2.1333333333333333,34.77,-118.19
2.5172,31,4.895774647887324,1.1887323943661972,746,2.101408450704225,36.97,-121.94
6.3191,25,7.990338164251208,1.0169082125603865,1201,2.9009661835748792,32.77,-116.95
1.875,33,141.9090909090909,25.636363636363637,30,2.727272727272727,38.91,-120.1
2.963,25,5.320132013,1.033003300330033,837,2.762376237623762,39.77,-121.61
5.5275,22,6.429752066115703,0.9889807162534435,1298,3.5757575757575757,34.26,-119.18
3.2411,35,5.908163265306122,0.9693877551020408,826,2.8095238095238093,32.82,-116.94
3.6648,34,4.297539149888143,0.9440715883668904,1230,2.751677852348993,34.06,-117.94
2.2989,26,4.48411215,1.1682242990654206,2654,4.960747663551402,33.7,-116.2
6.0487,24,7.207079646017699,1.0300884955752212,1834,3.2460176991150442,34.26,-118.78
2.4461,17,4.9037037037037035,1.0907407407407408,1193,2.2092592592592593,36.92,-121.74
5.7979,52,5.981432360742706,1.0875331564986737,823,2.183023872679045,37.88,-122.26
2.92,43,4.927051671732523,1.1094224924012157,1015,3.0851063829787235,34.19,-118.13
1.5427,28,4.487394957983193,1.2079831932773109,1799,3.7794117647058822,33.95,-118.25
1.5625,38,5.097510373443983,1.2946058091286308,1516,3.145228215767635,37.75,-122.16
5.5,33,6.225563909774436,0.92481203,373,2.8045112781954886,37.68,-121.01
1.8426,40,4.926900584795321,1.0029239766081872,949,2.7748538011695905,37.76,-122.17
1.6098,52,5.021459227467811,1.0085836909871244,701,3.0085836909871246,37.82,-122.28
6.1726,18,4.707938092860709,1.234648027958063,3408,1.7014478282576135,33.97,-118.46
3.3472,31,6.1305114638447975,1.1358024691358024,1476,2.6031746031746033,35.63,-120.72
3.2443,16,4.613541666666666,1.1708333333333334,1538,1.6020833333333333,38.57,-121.41
4.5461,42,5.629032258064516,1.0725806451612903,1713,2.7629032258064514,34.16,-118.08
6.348,34,4.989881956155143,1.0775716694772344,1143,1.9274873524451939,33.89,-118.41
2.7125,35,4.443037974683544,1.109704641350211,552,2.329113924050633,36.98,-122.02
3.6413,40,4.604735883424408,1.041894353369763,1318,2.400728597449909,34.27,-119.26
4.025,16,4.907480315,1.063976377952756,2805,2.7608267716535435,38,-122.29
6.1536,37,6.838905775075988,1.094224924012158,989,3.0060790273556233,34.12,-118.02
5.0176,19,6.061538461538461,0.9564102564102565,1264,3.241025641025641,37.77,-121.48
3.625,33,10.909090909090908,2.227272727272727,63,2.8636363636363638,40.63,-120.35
3.8244,14,5.865951742627346,1.0683646112600536,1809,2.4249329758713136,38.44,-122.76
4.4191,52,5.799065420560748,0.9813084112149533,526,2.457943925233645,34.05,-118.38
6.8219,16,6.678832116788321,1.0875912408759123,1429,3.4768856447688563,33.69,-117.8
3.8571,9,4.7669172932330826,1.1428571428571428,248,1.8646616541353382,32.77,-117.19
1.043,36,4.320588235294117,1.1764705882352942,1271,3.738235294117647,32.69,-117.13
3.5525,7,5.273611111111111,1.1805555555555556,2369,3.290277777777778,33.9,-117.57
1.9375,14,4.888888888888889,1.0344827586206897,867,3.32183908,32.82,-115.37
2.7054,39,2.302919708029197,1.0875912408759123,744,2.7153284671532845,34.1,-118.29
5.1184,41,6.088235294117647,1.0411764705882354,804,2.364705882352941,37.8,-122.2
1.1295,29,3.639344262295082,1.2418032786885247,1391,2.8504098360655736,33.77,-118.18
5.2848,29,5.452586206896552,0.9698275862068966,2494,3.5833333333333335,37.67,-122.49
6.6009,49,6.7218045112781954,1.0037593984962405,735,2.763157894736842,34.16,-118.19
3.5822,18,5.449317738791423,1.0155945419103314,2860,2.787524366471735,34.42,-119.3
4.3125,34,4.996710526315789,0.9901315789473685,758,2.4934210526315788,33.94,-117.99
6.4335,7,7.383081896551724,1.2672413793103448,4446,2.3954741379310347,32.83,-117.08
5.8362,32,6.511029411764706,1.088235294117647,995,3.6580882352941178,33.77,-118.01
5.3135,36,6.212410501193317,0.9737470167064439,966,2.305489260143198,38.53,-121.51
6.9533,44,7.6080246913580245,1.0123456790123457,843,2.6018518518518516,37.55,-122.34
3.125,39,3.745614035087719,1.0614035087719298,389,1.706140350877193,37.81,-122.25
4.0337,23,6.094420600858369,1.053648068669528,1586,3.403433476,38.16,-122.26
3.1304,16,3.7909356725146197,1.1608187134502923,1235,1.8055555555555556,32.8,-117.19
3.1467,5,5.437177280550775,1.1790017211703958,1398,2.406196213425129,33.15,-117.1
3.0687,34,4.080291971,1.0145985401459854,532,3.883211678832117,33.94,-117.47
4.2708,27,6.289544235924933,1.0697050938337802,1105,2.962466487935657,32.83,-117.18
4.2656,22,6.6970740103270225,1.1308089500860585,1727,2.972461273666093,34.4,-119.29
4.1993,23,6.069252077562327,1.149584487534626,959,2.656509695290859,38.5,-122.47
2.3611,30,3.4295302013422817,1.0268456375838926,1152,7.731543624161074,34.06,-118.21
0.9298,36,3.6761619190404797,1.1004497751124438,2664,3.9940029985007497,33.93,-118.25
6.2079,12,6.2322097378277155,0.9737827715355806,2106,2.6292134831460676,33.24,-117.2
2.3984,44,3.9127906976744184,1.1569767441860466,1204,3.5,34.11,-118.18
3.7238,34,4.791855203619909,0.9886877828054299,1414,3.1990950226244346,33.92,-118.08
1.9453,34,3.8076923076923075,0.9230769230769231,527,4.053846153846154,33.94,-118.05
3.4491,30,5.483478260869565,1.0834782608695652,1544,2.685217391304348,33.96,-117.38
3.4792,30,4.532956685499058,1.0941619585687383,1724,3.2467043314500943,33.9,-118.31
11.2185,52,8.300835654596101,1.0194986072423398,967,2.6935933147632314,34.07,-118.32
5.0201,18,5.601336302895323,0.9866369710467706,1442,3.2115812917594653,32.82,-116.89
2.1736,45,3.663090128755365,1.113733905579399,1446,3.1030042918454934,34.05,-118.33
1.5,12,4.176980198019802,1.1695544554455446,2357,2.917079207920792,32.71,-117.09
1.9271,28,2.753623188405797,1.0347826086956522,1485,4.304347826086956,34.05,-118.21
3.37,52,3.8282828282828283,1.0235690235690236,754,2.538720538720539,34.08,-118.32
2.2303,36,3.0902394106813995,1.1160220994475138,1645,3.029465930018416,37.8,-122.25
3.2059,52,3.4479465138490926,1.2282712511938874,1504,1.4364851957975167,37.79,-122.41
4.2468,32,5.624288425047438,1.0379506641366223,1472,2.793168880455408,37.62,-122.03
4.5221,36,5.267973856,0.9607843137254902,446,2.915032679738562,34.11,-117.89
3.5437,27,5.1585014409221905,1.0259365994236311,1286,3.7060518731988474,32.69,-117.04
2.2031,36,4.170068027210885,1.129251700680272,425,2.891156462585034,38.57,-121.51
2.6298,14,9.425,2.02,1711,1.711,33.79,-116.48
8.9565,35,6.665540541,1.1216216216216217,1257,4.246621621621622,34.07,-118.44
3.7738,48,4.378006872852234,1.0756013745704467,971,3.336769759450172,37.32,-121.9
4.7831,24,5.303875968992248,1.0170542635658915,2220,3.441860465116279,34.22,-119.03
5.2072,20,6.170212765957447,0.9627659574468085,543,2.8882978723404253,34.24,-117.41
3.1859,26,5.838323353293413,1.1477045908183632,1921,3.834331337325349,33.94,-117.6
3.3977,31,5.443333333333333,1.0533333333333332,944,3.1466666666666665,38.28,-122.3
5.5563,13,6.726190476190476,1.0161564625850341,3382,2.8758503401360542,33.94,-117.34
3.2083,35,3.9404388714733543,0.9968652037617555,764,2.394984326018809,34.16,-118.29
5.0942,35,5,1.015075376884422,615,3.090452261306533,37.37,-121.98
4.9306,52,6.184426229508197,0.9221311475409836,674,2.762295081967213,37.82,-122.24
6.4962,25,7.853125,1.0625,900,2.8125,34.03,-117.19
3.168,17,4.165820642978003,1.0549915397631133,3080,2.6057529610829104,37.55,-121.97
2.6071,16,5.775067750677507,1.1490514905149052,989,2.6802168021680215,37.38,-119.72
2.3456,45,4.672566371681416,1.0907079646017699,1406,3.1106194690265485,37.94,-122.35
3.9777,36,4.955375253549696,0.9979716024340771,1115,2.261663286004057,34.19,-118.22
3.75,38,5.275229357798165,0.981651376,259,2.376146788990826,38.72,-121.9
11.0124,19,8.291079812206572,0.9436619718309859,1200,2.816901408450704,33.76,-117.77
1.881,25,5.563535912,1.1104972375690607,1160,3.2044198895027622,35.96,-119.19
5.2769,34,5.374233128834356,0.9202453987730062,424,2.6012269938650308,37.31,-121.92
2.6161,30,6.833333333333333,1.597938144329897,1387,2.3831615120274914,38.49,-123.04
2.3214,41,4.738738738738738,0.9519519519519519,897,2.6936936936936937,38.64,-121.41
3.2311,34,5.281012658227848,1.0556962025316456,1501,3.8,33.94,-117.47
3.6667,26,6.122340425531915,1.0638297872340425,593,3.154255319148936,34.09,-117.66
2.0161,11,3.823129252,1.1156462585034013,504,3.4285714285714284,34.64,-120.46
3.2824,52,4.356984478935699,1.064301552,794,1.7605321507760532,34.08,-118.36
2.2917,14,6.105590062111801,1.0124223602484472,399,2.4782608695652173,39.22,-121.24
1.7276,50,4.036363636363636,1.075,1807,4.1068181818181815,37.78,-122.22
4.6477,27,6.098214285714286,1.2410714285714286,1230,3.6607142857142856,36.92,-121.47
2.6607,9,3.876923076923077,1.0153846153846153,1311,2.241025641025641,38.46,-122.74
3.6434,14,6.637931034482759,1,285,2.456896551724138,39.13,-120.99
3.6711,35,4.825882352941177,1.0047058823529411,1466,3.449411764705882,34.02,-117.49
2.7656,5,6.15,1.05,50,2.5,37.96,-121.32
8.7496,29,7.935766423357665,1.032116788321168,2046,2.986861313868613,33.77,-117.8
3.8904,21,5.211965811965812,0.9948717948717949,2355,4.0256410256410255,32.71,-116.99
5,32,5.80078125,0.984375,1117,2.181640625,38.46,-122.69
1.375,52,2.697247706422018,1.1307339449541285,1136,2.6055045871559632,37.77,-122.42
6.0192,33,7.046228710462287,1.1070559610705597,1116,2.7153284671532845,34.16,-118.63
2.0694,18,6.889855072463768,1.5579710144927537,1366,1.9797101449275363,35.72,-118.47
2.0694,31,6.090909090909091,0.9636363636363636,154,2.8,38.09,-121.3
7.2812,34,7.135652173913043,1.031304347826087,3141,2.7313043478260868,34.22,-118.27
6.0074,16,6.862704918032787,1.1147540983606556,2003,4.104508196721311,37.58,-122.08
1.7696,18,3.7222222222222223,1.1245210727969348,1329,2.545977011494253,32.75,-117.11
5.0099,24,7.137809187279152,1.0848056537102473,855,3.021201413427562,34.89,-120.42
5.7295,35,5.645045045045045,0.9747747747747748,1449,2.610810810810811,37.28,-122
3.8233,36,5.18974359,1.0461538461538462,1030,2.641025641025641,32.75,-117.05
4.6902,10,6.534569983136594,1.1264755480607083,1632,2.752107925801012,38.67,-121.2
5.0311,14,5.872817955112219,1.0124688279301746,1883,4.695760598503741,32.58,-117.04
2.03,38,4.686274509803922,1.1176470588235294,1131,2.7720588235294117,36.78,-119.79
2.5625,33,4.475524475524476,1.0734265734265733,999,3.493006993006993,37.76,-122.17
3.0189,29,5.557065217391305,1.0815217391304348,912,2.4782608695652173,32.8,-117
3.5179,37,5.8470363288718925,1.0841300191204588,1351,2.5831739961759084,38.01,-121.8
3.75,42,4.747787610619469,0.9734513274336283,804,3.5575221238938055,34.21,-118.35
2.4792,24,3.4547038327526134,1.1341463414634145,2251,3.921602787456446,34.18,-118.38
3.8586,45,4.680412371134021,1.0257731958762886,1524,3.9278350515463916,33.81,-118.21
1.9387,30,3.655294117647059,1.1694117647058824,3543,4.168235294117647,33.79,-118.19
1.9408,42,4.707259953161593,1.1569086651053864,1203,2.8173302107728335,34.04,-118.34
1.1346,17,1.8680738786279683,1.027264732,3915,3.4432717678100264,34.06,-118.27
3.5542,43,6.268421052631579,1.1342105263157896,874,2.3,36.78,-119.8
3.0905,38,5.951648351648352,1.010989010989011,1260,2.769230769230769,36.22,-119.34
4.6304,39,5.038961038961039,0.8614718614718615,619,2.6796536796536796,37.32,-121.95
4.45,46,5.320359281437126,1.0838323353293413,896,2.682634730538922,34,-118.45
2.1429,38,3.740406320541761,1.054176072234763,2033,4.589164785553048,33.97,-118.24
4.3906,26,5.649484536082475,1.0103092783505154,801,2.752577319587629,38.31,-122.72
2.2054,45,3.7241379310344827,0.9540229885057471,1288,4.934865900383142,33.98,-118.24
1.725,52,5.096234309623431,1.1317991631799162,1015,2.1234309623430963,37.84,-122.27
5.0639,4,6.467486818980668,0.9824253075571178,1678,2.9490333919156413,34.88,-120.41
5.3765,15,6.502976190476191,1.1488095238095237,827,2.4613095238095237,34.74,-120.46
2.3317,39,3.975609756097561,1.0585365853658537,2470,2.4097560975609755,33.78,-118.16
7.1845,40,5.619047619047619,0.9727891156462585,389,2.6462585034013606,33.89,-118.39
5.3738,35,6.444776119402985,1.0238805970149254,833,2.4865671641791045,33.88,-117.94
1.875,38,4.65625,0.95,721,4.50625,33.91,-118.24
2.4,31,5.605442176870748,0.9965986394557823,792,2.693877551020408,37.67,-120.97
4.1818,22,4.426056338028169,1.0651408450704225,1225,2.1566901408450705,33.93,-118.41
5.2542,26,5.6066666666666665,0.9711111111111111,1377,3.06,33.81,-118.05
2.5139,43,4.561290322580645,0.9483870967741935,417,2.6903225806451614,37.74,-122.19
4,4,5.268041237113402,1.0738831615120275,1164,2,33.16,-117.23
4.1447,11,5.630952380952381,0.9880952380952381,1701,3.375,38.55,-121.34
4.9821,13,6.638472032742156,1.1077762619372442,1909,2.6043656207366985,33.54,-117.72
4.1319,33,5.262529832935561,1.081145584725537,1242,2.964200477326969,34.19,-118.54
4.0625,11,5.714285714285714,0.9933035714285714,952,2.125,33.15,-117.29
7.8013,19,7.248275862068965,1.0510344827586207,1773,2.4455172413793105,32.82,-117.25
3.6354,7,6.307152875175316,1.1654978962131837,2248,3.152875175315568,33.66,-116.31
3.0906,52,3.940503432494279,1.0640732265446224,885,2.0251716247139586,37.77,-122.45
5.3119,6,6.971671388101983,1.0339943342776203,3415,3.2247403210576016,35.37,-119.2
4.4861,46,5.765306122,1.0255102040816326,503,2.566326530612245,33.93,-118.37
2.6098,13,5.042553191489362,1.1045328399629972,2957,2.7354301572617947,38.07,-122.24
4.325,37,5.074380165289257,0.9793388429752066,572,2.3636363636363638,33.81,-118.13
1.9013,35,3.342857142857143,1.0043956043956044,987,2.169230769230769,38.56,-121.49
2.1793,39,3.932098765432099,0.9845679012345679,1362,4.203703703703703,33.99,-118.25
5.2415,12,5.1610337972166995,1.0210735586481112,8190,3.256461232604374,37.38,-121.85
2.7157,25,3.7865497076023393,1.219298245614035,856,2.502923976608187,33.77,-117.97
8.6196,11,5.8133333333333335,0.9333333333333333,212,2.8266666666666667,37.29,-122.12
4.05,35,4.074742268041237,1.0876288659793814,580,1.4948453608247423,37.76,-122.44
3.5878,31,4.497375328083989,1.0354330708661417,4131,2.7106299212598426,34.14,-118.02
8.1078,26,6.599526066350711,0.990521327,1221,2.8933649289099526,37.35,-122.02
3.9803,35,5.201923076923077,1.060897435897436,1462,4.685897435897436,34.03,-117.96
4.6071,30,6.114180478821363,1.0847145488029466,1470,2.707182320441989,37.97,-121.99
1.6483,39,4.390781563126253,0.9879759519038076,1307,2.6192384769539077,40.18,-122.24
2.3833,24,5.643382352941177,1.025735294117647,726,2.6691176470588234,39.59,-121.74
5.5673,7,5.865384615384615,1.1394230769230769,2710,2.605769230769231,32.81,-117.09
1.625,52,2.7777777777777777,0.5555555555555556,14,1.5555555555555556,32.66,-117.11
1.6236,17,5.474692202,1.2722298221614228,1614,2.207934336525308,35.61,-118.48
4.1169,23,5.544303797468355,1.0520393811533053,1679,2.361462728551336,33.81,-118.31
4.0904,52,4.313868613138686,1.2627737226277371,353,2.576642335766423,37.77,-122.21
2.0848,38,3.4036281179138324,0.9909297052154195,1777,4.029478458049887,34.03,-118.29
6.7247,24,6.803030303030303,1.009469696969697,1683,3.1875,34.45,-119.82
1.3531,20,2.968283582089552,1.0988805970149254,1916,3.574626865671642,37.98,-121.32
1.0898,45,3.3276595744680852,1.148936170212766,1030,4.382978723404255,34.01,-118.25
4.3015,21,5.858823529411764,1.0627450980392157,781,3.062745098039216,37.67,-121.32
6.9223,23,7.069943289224953,1.0245746691871456,3037,2.8705103969754253,34.2,-118.65
2.7399,15,6.218905472636816,1.1459369817578773,1444,2.394693201,38.39,-120.62
4.5208,33,5.502808988764045,0.9606741573033708,984,2.764044943820225,37.66,-120.98
4.6731,35,5.385113268608414,0.970873786,1000,3.236245954692557,34.22,-118.54
4.9211,52,3.9721115537848606,1.0796812749003983,1848,1.4725099601593625,37.8,-122.42
5.6356,33,5.660899653979238,0.9515570934256056,866,2.9965397923875434,34.22,-118.62
3.4427,30,4.687609075,1.0698080279232112,2477,4.322862129144852,34.09,-117.96
2.2292,45,4.773684210526316,0.9263157894736842,463,2.4368421052631577,38.79,-121.23
3.7835,52,5.424157303370786,1.0056179775280898,1092,3.067415730337079,37.73,-122.41
2.3387,25,4.603975535168196,1.091743119266055,893,1.3654434250764527,33.6,-117.71
7.0516,37,5.375609756097561,1.0439024390243903,807,1.9682926829268292,33.62,-117.93
5.3773,27,5.836330935251799,1.0881294964028776,1572,2.827338129496403,33.84,-118.37
3.4375,26,3.910909090909091,1.0227272727272727,3320,3.018181818181818,37.69,-122.46
5.8587,52,5.885922330097087,1.0558252427184467,962,2.3349514563106797,34.04,-118.43
5.1271,22,6.018867924528302,1.044811320754717,1066,2.5141509433962264,34.43,-119.77
2.4674,31,5.125523012552302,1.1694560669456067,1459,3.0523012552301254,37.99,-121.18
5.6277,14,5.724098235,1.0391404451266308,8012,3.074443591711435,37.58,-122.04
3.35,35,4.688372093023256,0.9488372093023256,1162,5.404651162790698,34.29,-118.41
4.2361,31,4.962962962962963,0.8703703703703703,1336,4.948148148148148,37.28,-121.82
5.0195,19,6.0234657039711195,1.019855596,1646,2.9711191335740073,33.18,-117.24
3.8029,35,5.641379310344828,1.0528735632183908,1110,2.5517241379310347,34.11,-118.02
1.0521,40,4.451882845188284,1.112970711297071,912,3.8158995815899583,37.94,-122.37
6.0902,29,6.121160409556314,0.9974402730375427,3063,2.613481228668942,38.03,-122.55
3.8958,20,5.940625,0.978125,1258,3.93125,37.51,-120.84
4.0238,44,4.832835820895522,1.0805970149253732,1064,3.1761194029850746,37.62,-122.4
4.6563,32,5.369799692,1.044684129429892,1715,2.642526964560863,33.86,-118.32
4.6563,52,3.4814814814814814,0.8888888888888888,113,4.185185185185185,37.79,-122.39
3.9032,19,5.001422475106685,1.0099573257467995,1810,2.5746799431009957,37.7,-122.13
3.5719,45,4.093943139678616,1.0877626699629173,1157,1.4301606922126082,34.07,-118.35
4.2432,13,6.350568769389866,1.0537745604963806,2553,2.640124095139607,38.54,-121.67
1.3187,23,4.717451523545706,1.0997229916897506,1333,3.6925207756232687,34.02,-118.31
5.2894,16,5.348710990502036,1.016282225237449,1894,2.569877883310719,37.25,-121.94
6.4232,7,6.707512764405544,1.0145878920495988,8276,3.0182348650619986,38.08,-122.17
6.9418,8,6.741035856573705,1.0079681274900398,857,3.414342629482072,34.14,-117.66
7.9887,15,6.837133550488599,1.0488599348534202,873,2.8436482084690553,33.69,-117.8
6.1287,4,6.791896869244936,1.0810313075506446,10450,3.2074892572130143,34.01,-117.75
2.8919,52,5.140506329113924,1.089873417721519,2290,2.8987341772151898,34.1,-118.14
2.6929,16,4.942973523421589,1.0631364562118126,794,1.6171079429735233,34.11,-117.69
4.4911,20,5.906896551724138,1.089655172413793,1512,2.606896551724138,37.97,-122.29
3.1484,52,5.354748603351955,1.0251396648044693,722,2.016759776536313,38.57,-121.46
3.1875,26,3.9218390804597703,1.186206896551724,894,2.0551724137931036,34.03,-118.43
5.1296,35,5.958490566037736,1.1320754716981132,1012,3.818867924528302,34.27,-118.45
8.5491,20,6.763698630136986,1.047945205479452,703,2.4075342465753424,33.81,-118.38
2.6136,35,4.598159509202454,1.0429447852760736,1141,3.5,33.82,-118.3
2.1637,46,2.005701254275941,1.153933865450399,2716,3.096921322690992,34.06,-118.29
1.7348,43,3.9802371541501977,1.233201581027668,558,2.205533596837945,37.82,-122.27
4.5125,50,5.743589743589744,0.9743589743589743,747,3.1923076923076925,33.75,-117.88
4.2071,8,5.539936102236422,1.0782747603833867,1604,2.562300319488818,36.86,-119.78
3.305,35,3.630952380952381,0.9563492063492064,1153,4.575396825396825,33.92,-118.19
2.7813,30,4.386227545,1.1062874251497006,1661,2.4865269461077846,38.63,-121.39
3.1289,42,4.508604206500956,1.0439770554493308,1065,2.0363288718929256,34.16,-118.38
2.1743,30,3.364394993045897,0.9944367176634215,3208,4.461752433936022,33.97,-118.16
3.5486,20,5.655384615384615,1.6615384615384616,615,1.8923076923076922,32.8,-117.28
3.83,35,5.593283582089552,1.078358208955224,1112,4.149253731343284,34.03,-117.94
2.0323,43,4.096069868995633,0.9912663755458515,1571,3.430131004366812,33.96,-118.25
2.9688,16,5.646739130434782,0.9891304347826086,554,3.010869565217391,39.2,-121.2
1.0658,46,3.076923076923077,1.1846153846153846,180,2.769230769230769,32.69,-117.12
2.5437,43,4.6626139817629175,1.1671732522796352,1231,3.7416413373860182,33.99,-118.3
6.1256,16,5.415540541,0.9695945945945946,1080,3.6486486486486487,37.41,-121.86
6.3501,23,6.299479166666667,0.90625,1066,2.7760416666666665,37.66,-122.04
5.0225,16,5.332480818414322,1.0076726342710998,1705,4.360613810741688,37.29,-121.82
1.4524,42,3.5231316725978647,1.0284697508896796,1167,4.153024911032029,34.01,-118.27
2.7628,39,4.332844574780059,1.0205278592375366,1417,2.0777126099706744,37.91,-122.31
2.5938,45,4.6328125,1.0390625,481,3.7578125,34.07,-118.09
4.2407,40,5.6943620178041545,1.032640949554896,1851,2.7462908011869436,34.16,-117.99
4.1,27,5.522491349480969,1.027681660899654,1703,5.892733564013841,33.71,-117.88
4.22,33,6.278688524590164,1.0368852459016393,1355,2.776639344262295,32.81,-117.17
3.0139,39,5.175732217573222,1.0711297071129706,638,2.6694560669456067,36.63,-119.68
4.8056,36,4.755834829443447,0.9730700179533214,1111,1.9946140035906643,37.98,-122.56
3.2632,52,4.614072495,1.1364605543710022,1122,2.3923240938166312,37.75,-122.42
4.65,21,7.485232067510548,1.109704641350211,724,3.0548523206751055,34.96,-120.41
6.603,32,6.497512437810945,1.0398009950248757,1030,2.5621890547263684,33.99,-118.39
4.1154,28,5.455064194,1.0684736091298146,1790,2.5534950071326676,34.19,-118.61
4.2917,13,6.4605263157894735,1.162280701754386,597,2.6184210526315788,38.44,-120.69
5.5221,11,6.322485207100592,1.0029585798816567,916,2.710059171597633,34.63,-120.13
2.6641,24,3.7514188422247448,1.1146424517593643,2085,2.366628830874007,33.88,-118.14
4.125,32,5.543478260869565,1.0905797101449275,666,2.4130434782608696,33.91,-117.91
2.125,52,3.5919117647058822,1.0625,412,1.5147058823529411,34.43,-119.7
3.0588,37,4.914798206278027,1.0201793721973094,1515,3.396860986547085,32.72,-117.03
3.5,52,5.195876288659794,0.9896907216494846,295,3.0412371134020617,37.42,-121.06
2.3958,33,4.941309255079007,1.1218961625282167,1459,3.293453724604966,34.6,-118.12
4.5266,4,6.3589576547231275,1.0964169381107491,4970,3.237785016286645,34.57,-118.09
7.0778,26,7.3150984682713345,0.9956236323851203,1429,3.1269146608315097,33.99,-117.98
4.5263,33,6.552380952380952,1.0285714285714285,1384,4.393650793650794,33.79,-117.99
2.6838,30,21.16296296296296,4.896296296296296,291,2.1555555555555554,37.61,-119.64
7.6144,34,7.171717171717172,0.9974747474747475,1127,2.845959595959596,33.79,-118.08
3.3958,38,5.266447368421052,1.1578947368421053,711,2.338815789473684,33.79,-118.31
3.2011,17,3.5233918128654973,1.0146198830409356,736,2.152046783625731,33.93,-118.11
2.7171,22,6.0418994413407825,1.217877094972067,1048,2.9273743016759775,38.94,-123.15
3.5391,27,5.835260115606936,1.023121387283237,1029,2.9739884393063583,34.9,-120.43
5.4791,35,5.595375722543353,0.9913294797687862,1008,2.913294797687861,33.86,-118.34
2.9222,27,3.6649214659685865,1.0848167539267015,3019,3.161256544502618,37.35,-121.87
2.9306,37,5.4363636363636365,1.0618181818181818,858,3.12,37.04,-120.35
4.5221,16,6.384946237,1.1053763440860216,1594,3.4279569892473116,32.92,-117.15
5.7451,17,5.482926829268293,0.9121951219512195,553,2.6975609756097563,32.83,-117.22
2.4012,18,5.234793187347932,1.0206812652068127,5303,3.225669099756691,37.37,-120.5
2.25,25,5.893805309734513,1.092920353982301,726,3.2123893805309733,39.06,-121.55
4.6364,17,6.169863014,1.0356164383561643,1776,4.865753424657535,32.57,-117.06
4.2768,21,5.487870619946092,1.0152740341419586,3244,2.914645103324349,33.87,-118.27
2.3075,27,5.244744744744745,1.364864864864865,1481,2.2237237237237237,35.38,-120.85
4,16,14.802197802197803,3.5934065934065935,271,2.978021978021978,34.22,-117.09
2.8239,43,3.6381909547738696,1.0134003350083751,2386,3.996649916247906,34.02,-118.15
2.3382,19,4.059891107,1.0526315789473684,1438,2.6098003629764066,37.97,-122.34
5.2287,37,4.3657407407407405,1.0092592592592593,803,3.7175925925925926,33.82,-118.27
1.7929,14,4.085653104925053,1.0364025695931478,1195,2.558886509635974,39.16,-123.2
3.6625,35,4.8986175115207375,1.044546850998464,1882,2.890937019969278,33.9,-118.32
2.1186,18,3.9613526570048307,1.1545893719806763,1345,6.497584541062802,35.62,-119.69
5.5842,15,7.112820512820512,1.2102564102564102,638,3.2717948717948717,36.82,-119.85
1.3587,20,4.311345646437995,1.0989445910290236,1622,2.1398416886543536,35.41,-119.04
2.8281,30,4.281923714759536,1.077943615257048,1098,1.8208955223880596,32.77,-117.13
4.725,23,6.442260442260443,1.0933660933660934,1103,2.71007371,33.7,-117.96
2.3942,38,3.075,0.9,142,3.55,33.85,-118.3
4.1172,37,5.256613756613756,1.0555555555555556,1279,3.3835978835978837,34.07,-117.95
8.7051,48,7.433691756272402,1.064516129032258,700,2.5089605734767026,37.45,-122.14
5.2548,35,6.018115942028985,0.9855072463768116,949,3.4384057971014492,33.85,-117.99
2.7857,20,5.11018711,1.0207900207900207,1227,2.550935550935551,37.79,-120.98
6.8939,17,7.131944444444445,1.0104166666666667,836,2.9027777777777777,33.61,-117.98
4.0208,36,5.453551912568306,0.9726775956284153,531,2.901639344262295,37.71,-122.15
2.1935,31,4.794029850746269,1.0567164179104478,1049,3.1313432835820896,34.16,-117.34
5.0804,22,5.596923076923077,1.106153846153846,1329,2.0446153846153847,37.38,-122.11
2.3309,46,3.4858757062146895,1.0593220338983051,1183,3.34180791,37.77,-122.21
1.0313,20,2.4368421052631577,0.9473684210526315,486,2.557894736842105,38.59,-121.49
3.375,26,5.3694915254237285,1,846,2.8677966101694916,38.33,-122.7
2.8974,26,3.9512670565302144,1.0896686159844056,1545,3.0116959064327484,34.2,-118.48
4.0231,31,4.003322259136213,0.9302325581395349,1476,4.903654485049834,33.75,-117.89
2.225,42,2.438679245283019,1.099056603773585,995,4.693396226415095,33.77,-118.2
1.4279,38,5.155660377,1.2075471698113207,856,4.037735849056604,34.08,-117.27
2.7857,8,5.680733944954128,1.255045871559633,1454,2.6678899082568805,36.78,-119.85
1.7121,46,4.0092879256965945,1.0866873065015479,1120,3.4674922600619196,33.97,-118.26
7.4947,4,7.311042590094431,1.054345731354789,16122,3.1069570244748506,33.89,-117.74
2.7546,40,3.4215938303341904,0.961439589,1276,3.2802056555269923,37.32,-121.88
4.6806,18,4.633802816901408,1.0140845070422535,209,2.943661971830986,33.86,-117.85
5.6431,52,5.8173515981735155,1.0730593607305936,558,2.547945205479452,37.85,-122.25
5.0114,18,5.810623556581986,1.120092378752887,1128,2.605080831408776,33.87,-118.37
6.1557,35,6.406015037593985,1.012531328320802,946,2.3709273182957395,33.41,-117.61
2.1437,40,3.900763358778626,1.0267175572519085,2150,4.103053435114504,33.95,-118.28
4.9904,29,6.328260869565217,0.967391304,1170,2.5434782608695654,37.68,-121
5.6629,33,5.556053811659193,1.0246636771300448,1567,3.513452914798206,34.23,-118.42
4.0658,33,6.095717884130982,0.9899244332493703,1003,2.526448362720403,32.79,-116.99
2.1414,46,2.8577319587628867,0.9422680412371134,1845,3.804123711340206,34.05,-118.3
5.0329,14,8.022099447513812,1.1988950276243093,516,2.850828729281768,40.94,-124.05
2.7254,25,3.7965970610982214,1.099767981438515,4983,3.8538283062645013,34.08,-118.05
4.2019,25,3.625441696113074,1.017667844522968,1646,5.816254417,33.85,-117.93
5.062,32,7.106761565836299,1.1281138790035588,866,3.0818505338078293,34.87,-120.41
2.5625,45,3.997826086956522,0.9978260869565218,1312,2.8521739130434782,34.04,-118.35
2.0391,28,4.716216216216216,1.0243243243243243,1011,2.7324324324324323,40.68,-122.36
3.0278,26,5.803347280334728,1.1589958158995817,664,2.778242677824268,34.07,-117.39
4.0474,30,5.419354838709677,1.0064516129032257,858,2.767741935483871,37.31,-121.94
3.1471,13,5.147208121827411,1.015228426395939,712,3.6142131979695433,38.03,-121.3
3.256,18,4.321782178217822,1.0816831683168318,1268,3.1386138613861387,37.53,-122.03
4.5303,36,5,0.926829268,252,3.073170731707317,37.65,-122.1
2.925,19,5.649321266968326,1.1176470588235294,748,1.6923076923076923,38.55,-121.4
6.3325,19,6.748502994011976,1.0179640718562875,518,3.1017964071856285,37.74,-121.95
10.6605,50,7.379464285714286,1.125,641,2.861607142857143,37.73,-122.47
2.7543,23,3.2066666666666666,1.1577777777777778,1264,2.8088888888888888,34.08,-118.31
4.4167,41,5.125,0.9243421052631579,970,3.1907894736842106,37.37,-121.82
4.0703,10,6.343575418994414,1.111731843575419,986,2.7541899441340782,36.32,-118.94
3.3438,13,3.9222972972972974,0.9763513513513513,630,2.1283783783783785,33.69,-117.8
2.4722,24,6.24,1.13,641,3.205,36.12,-119.29
4.3125,44,7.586005831,1.4839650145772594,691,2.0145772594752187,38.1,-122.86
6.884,50,7.1035598705501615,1.087378640776699,878,2.841423948220065,34.18,-118.28
5.4042,34,5.945205479452055,1.0171232876712328,823,2.8184931506849313,33.97,-118.13
0.8229,30,3.763819095477387,1.0753768844221105,537,2.698492462311558,36.21,-119.34
2.4722,16,4.722298221614227,1.0820793433652531,1567,2.143638850889193,38.47,-122.67
2.8375,21,5.286396181384248,1.1551312649164678,1792,4.276849642004773,34.09,-117.95
3.5541,14,6,1.1460506706408347,1825,2.7198211624441133,34.33,-119.11
5.0828,14,6.7910750507099396,0.9959432048681541,1584,3.212981744421907,36.83,-119.73
6.8268,21,6.782515991471215,0.9530916844349681,1416,3.0191897654584223,33.9,-117.87
7.1267,15,6.9327217125382266,1.0642201834862386,1150,3.5168195718654434,37.29,-121.76
2.8462,35,3.454761904761905,1.0357142857142858,1888,4.495238095238095,33.94,-118.35
3.7125,31,5.336349924585218,0.9924585218702866,1715,2.5867269984917045,34.16,-117.26
6.6689,32,7.064377682403434,1.038626609,697,2.9914163090128754,34.18,-118.63
4.8359,18,6.557591623036649,0.9842931937172775,1162,3.0418848167539267,34.87,-120.42
2.6065,19,5.648175182481752,1.294890510948905,2086,3.0452554744525546,38.74,-121.27
5.0747,35,4.944723618090452,0.8994974874371859,661,3.321608040201005,33.84,-117.98
3.775,23,4.239583333333333,1.125,647,6.739583333333333,33.73,-117.86
3.4808,45,4.891191709844559,0.9222797927461139,533,2.761658031088083,33.81,-118.2
2.3454,33,2.8876404494382024,1.0589887640449438,753,2.115168539325843,34.43,-119.72
5.431,8,6.424471299093655,1.0709969788519638,1883,2.8444108761329305,37.95,-121.97
5.0072,44,5.914835164835165,1.0302197802197801,947,2.6016483516483517,33.79,-118.13
0.8941,27,3.517467248908297,1.0458515283842795,1457,3.1812227074235806,34,-118.26
3.1272,11,8.136,1.658,918,1.836,33.23,-117.14
2.0303,40,4.925087108013937,1.1411149825783973,2037,3.548780487804878,37.94,-121.29
3.3654,15,5.356401384083045,1.1153402537485582,2855,3.292964244521338,34.14,-117.89
6.6188,32,6.567368421052632,1.0252631578947369,2615,2.7526315789473683,33.75,-118.09
0.9809,19,3.187725631768953,1.1299638989169676,726,2.6209386281588447,33.98,-118.28
6.7718,19,5.251173708920188,1.016431924882629,1158,2.7183098591549295,37.36,-122
6.2299,39,5.2368421052631575,0.9473684210526315,101,2.6578947368421053,38.25,-122.05
8.634,48,5.615942028985507,0.9166666666666666,641,2.322463768115942,37.9,-122.56
5.5926,30,6.467236467236467,1.0227920227920229,974,2.774928774928775,37.92,-122.5
4.6437,19,6.095833333333333,0.9916666666666667,1349,2.810416666666667,38.65,-121.23
1.9167,16,6.278829604130809,1.7814113597246128,1687,2.9036144578313254,33.87,-116.54
4.5,16,4.895915678524374,1.2068511198945981,1551,2.0434782608695654,37.35,-122.01
6.9501,5,5.880886426592798,0.9542936288088643,1933,2.677285318559557,33.66,-117.69
1.6838,14,4.745856353591161,1.171270718232044,541,2.9889502762430937,34.58,-117.41
2.6125,26,5.213151927437642,1.124716553287982,1259,2.854875283446712,34.53,-117.31
1.8929,41,6.74,1.3,198,3.96,34.21,-118.36
2.0288,18,4.3487544483985765,0.8896797153024911,708,2.5195729537366547,39.71,-121.81
3.0313,43,6.35,1.1166666666666667,259,4.316666666666666,33.97,-118.22
6.1407,52,6.914285714285715,1.0505494505494506,1143,2.512087912087912,37.79,-122.49
4.4565,5,4.488636363636363,1.1818181818181819,861,1.9568181818181818,37.25,-121.81
2.85,38,3.2142857142857144,0.7678571428571429,246,4.392857142857143,33.93,-118.25
3.7366,20,5.321944809461235,0.9789750328515112,2870,3.771353482260184,32.71,-117.02
3.0461,16,5.336734693877551,1.2474489795918366,877,2.2372448979591835,33.6,-117.7
6.6143,16,7.3861386138613865,1.0132013201320131,1002,3.3069306930693068,32.67,-117
3.525,34,4.296296296296297,0.8950617283950617,398,2.456790123,37.63,-122.49
6.7559,15,7.208173690932312,0.966794381,2659,3.395913154533844,34.22,-118.91
3.5625,8,5.44017094,1.0555555555555556,1657,1.7702991452991452,38.27,-122.49
2.273,36,4.8127272727272725,1.0981818181818181,2045,3.7181818181818183,37.61,-121
7.7197,16,17.5,1.75,17,4.25,33.97,-118.43
3.875,17,5.840958605664488,1.0239651416122004,1621,3.531590413943355,34.13,-117.37
2.3594,23,5.301818181818182,1.069090909090909,866,3.149090909090909,32.81,-115.37
11.0138,16,7.306990881458966,1.060790273556231,868,2.6382978723404253,33.64,-117.81
4.0993,5,5.4324324324324325,0.9896049896049897,1490,3.0977130977130978,36.79,-119.69
6.287,34,6.2680965147453085,1.0536193029490617,1031,2.7640750670241285,33.75,-118.31
2.6218,14,4.684076433121019,1.0993630573248407,2191,2.7910828025477707,36.31,-119.77
1.8833,23,7.642857142857143,2.4166666666666665,265,3.1547619047619047,39.02,-122.79
6.2685,6,8.010989010989011,1.0146520146520146,697,2.553113553113553,34.68,-120.44
2.9,27,7.409836065573771,1.6885245901639345,258,4.229508196721311,33.09,-115.73
2.6768,25,4.592417061611374,1.0742496050552923,1841,2.9083728278041074,33.61,-114.58
10.0263,52,9.625,1.75,37,2.3125,35.42,-119.11
3.0125,40,4.271428571428571,0.9714285714285714,163,2.3285714285714287,33.78,-117.94
2.7266,45,4.763993948562784,0.9667170953101362,1160,1.7549167927382754,32.76,-117.17
2.6576,18,5.304545454545455,1.0924242424242425,2009,3.043939393939394,35.94,-119.06
3.4091,41,4.946987951807229,1.0481927710843373,873,2.103614457831325,37.9,-122.3
2.0087,36,3.4941471571906355,1.0585284280936456,4582,3.831103678929766,33.98,-118.19
5.4228,24,5.391752577319588,0.9628865979381444,3795,3.9123711340206184,37.39,-121.95
2.4599,17,3.3465798045602604,1.0514657980456026,4945,3.221498371335505,34.06,-118.12
1.9688,40,3.8967971530249113,1.085409252669039,1322,4.704626334519573,34.04,-118.19
2.725,39,2.4382716049382718,0.9814814814814815,620,3.8271604938271606,32.69,-117.11
2.5737,46,5.528795811518324,1.219895287958115,1249,3.269633507853403,38.02,-121.88
2.8964,25,4.848101265822785,1.077757685352622,1947,3.5207956600361663,32.71,-117.06
1.8036,42,5.459893048128342,1.6042780748663101,533,2.8502673796791442,33.78,-118.19
2.6937,45,5.060640732265446,1.1453089244851258,2109,2.4130434782608696,38.12,-122.27
5.259,13,6.733133433283358,1.0329835082458771,1657,2.4842578710644676,38.64,-121.24
4.7813,5,5.703994760969221,1.0569744597249509,4372,2.8631303208906353,32.75,-116.91
3.6348,17,5.666666666666667,1.0582706766917294,5030,3.1516290726817044,33.05,-116.86
4.5938,18,6.153664302600473,1.1300236406619386,1158,2.7375886524822697,36.33,-119.32
3.4208,22,3.929368029739777,1.0055762081784387,1300,2.416356877,33.87,-118.36
6.4752,42,5.225726141078838,1.0846473029045642,2096,1.7394190871369295,37.85,-122.48
12.9792,23,8.219827586206897,1.0452586206896552,1344,2.896551724137931,37.35,-122.15
3.2813,37,4.784946237,1.025089605734767,539,1.9318996415770608,34.15,-118.44
2.6429,33,4.494565217391305,1.0434782608695652,981,5.331521739130435,34.25,-118.41
2.4864,41,4.887850467,1.1168224299065421,1890,2.943925234,36.6,-121.85
2.0575,21,4.901353965183753,1.0715667311411992,1297,2.508704061895551,35.41,-119.02
2.6406,27,5.505952380952381,1.0476190476190477,449,2.6726190476190474,37.57,-120.98
4.8304,27,6.278873239,1.028169014084507,1297,3.6535211267605634,37.77,-122.14
7.3445,13,7.8977272727272725,1.106060606060606,852,3.227272727272727,37.89,-121.93
2.1571,13,4.713114754098361,1.0512295081967213,1151,2.3586065573770494,41.32,-122.3
2.8942,45,4.456097561,0.9951219512195122,1507,3.675609756097561,36.67,-121.62
2.6546,41,3.8271604938271606,0.8209876543209876,642,3.962962962962963,33.91,-118.28
1.6557,10,3.8623024830699775,1.1264108352144468,1896,4.279909706546276,33.64,-116.15
2.0809,52,5.631004366812227,1.0786026200873362,1558,3.4017467248908297,34,-118.29
4.3947,36,5.8713235294117645,1.0477941176470589,901,3.3125,34.08,-117.93
3.3889,32,4.338730569948186,1.153497409326425,2725,1.7648963730569949,33.97,-118.37
4.1375,28,6.105162523900574,1.0038240917782026,1750,3.3460803059273423,34.09,-117.42
2.2604,38,4.512345679012346,1.0401234567901234,1208,3.728395061728395,34.11,-117.32
6.6842,25,6.778597786,1.0258302583025831,1006,3.7121771217712176,37.41,-121.85
3.7348,4,5.705276705276705,1.178893178893179,4775,3.072715572715573,34.08,-117.36
3.6289,25,4.568831168831169,1.0493506493506493,1404,3.6467532467532466,33.76,-118.02
3.9773,33,4.716627634660422,0.9601873536299765,1354,3.170960187,37.98,-122.34
4.8988,13,5.113243761996161,0.9942418426103646,1468,2.817658349328215,34.32,-118.47
5.2321,46,5.664233576642336,1.0724312184166198,3728,2.093206064008984,37.22,-121.98
5.1155,35,3.8880778588807785,0.9683698296836983,782,1.9026763990267639,33.6,-117.87
2.745,35,4.887096774193548,1.0053763440860215,1444,3.881720430107527,33.92,-118.27
2.6442,47,3.6709401709401708,1.0213675213675213,913,3.9017094017094016,34.09,-118.23
3.7188,27,5.048611111111111,0.9444444444444444,467,3.2430555555555554,34.28,-118.7
2.2439,18,7.426829268292683,1.6920731707317074,955,1.4557926829268293,33.77,-116.44
11.2463,22,8.249027237354085,1.0350194552529184,1480,2.8793774319066148,37.25,-121.99
3.6186,52,4.472329472329473,1.0386100386100385,1518,1.9536679536679538,37.77,-122.44
2.3816,52,3.7846153846153845,1.0615384615384615,994,3.8230769230769233,34.08,-118.26
2.8906,43,5.545454545454546,1.2424242424242424,534,2.311688311688312,36.13,-118.82
3.9265,11,4.975903614457831,0.9036144578313253,684,4.120481927710843,38.03,-121.28
3,35,5.040697674418604,1.055232558139535,1527,4.438953488372093,34.04,-118.04
2.5262,21,3.0216216216216214,1.0576576576576577,4426,3.9873873873873875,33.78,-118.27
2.5536,37,4.344086021505376,1.125448028673835,1403,5.028673835125448,33.97,-118.24
2.1167,48,4.536184210526316,1.075657894736842,696,2.289473684210526,34.69,-118.14
2.6667,49,4.2,0.9285714285714286,737,3.5095238095238095,37.79,-122.2
2.2222,35,5.624521072796935,1.1417624521072798,1168,4.475095785440613,33.93,-117.4
4.4435,35,6.191836734693878,1.0489795918367346,658,2.6857142857142855,34.14,-117.27
2.8942,16,6.160493827160494,1.131687242798354,737,3.0329218106995883,39.22,-120.99
1.8672,18,5.329512893982808,1.171919770773639,741,2.1232091690544412,39.43,-121.32
3.0912,21,5.225127087872186,1.028322440087146,3927,2.8518518518518516,38.26,-122.05
6.1825,27,6.756637168141593,0.9734513274336283,756,3.3451327433628317,34.3,-118.7
2.0833,42,4.914583333333334,1.05,1131,2.35625,37.64,-120.97
2.1181,39,3.4711538461538463,1.0745192307692308,1890,4.543269230769231,33.97,-118.16
3,13,6.317596566523605,1.1974248927038627,1091,2.3412017167381975,38.45,-120.59
1.6228,42,3.9416445623342176,1.1140583554376657,897,2.3793103448275863,33.84,-118.32
4.1538,36,5.764150943396227,1.0188679245283019,1199,2.827830188679245,33.84,-118.16
4.5066,7,4.659574468085107,0.9527186761229315,1336,3.158392435,34.06,-117.29
3.5887,44,5.263788969,1.0767386091127098,1377,3.302158273381295,34.19,-118.16
4.3897,14,7.451612903225806,1.1612903225806452,108,3.4838709677419355,38.93,-122.61
9.5862,27,7.935611038107753,1.0249671484888305,2181,2.865965834428384,37.85,-122.04
5.5121,34,6.024390243902439,1.0365853658536586,584,2.3739837398373984,37.26,-121.95
1.1853,16,3.996941896024465,1.0978593272171253,961,2.9388379204892967,32.8,-115.57
3.8125,15,5.460365853658536,1.0548780487804879,1219,3.716463414634146,34.02,-117.61
3.5231,37,5.543378995,1.0410958904109588,1508,2.295281582952816,38.53,-121.5
2.3444,30,3.183486239,1.0513761467889908,2237,4.104587155963303,33.98,-118.18
4.375,33,6.039647577092511,1.039647577092511,715,3.149779735682819,33.93,-117.44
3.5551,30,4.712737127371274,0.9728997289972899,1914,5.186991869918699,33.71,-117.88
2.5263,52,5.81981982,1.3490990990990992,790,1.7792792792792793,36.62,-121.92
1.7038,28,4.598774885145483,1.0704441041347625,1530,2.343032159264931,41.73,-124.22
3.5192,36,5.859693878,1.066326530612245,1070,2.729591836734694,32.75,-117.04
2.3958,37,6.095238095238095,1.288515406162465,1067,2.988795518207283,38.67,-121.38
4.2708,35,5.3562753036437245,0.951417004,807,3.2672064777327936,33.94,-118.01
4.5221,16,6.125,1.1590909090909092,667,2.5265151515151514,37.22,-121.77
3.0526,28,8.130769231,1.9153846153846155,288,2.2153846153846155,36.16,-121.39
1.6952,39,4.076323987538941,1.0264797507788161,2052,3.196261682242991,37.64,-120.98
1.2625,45,5.324041812,1.0139372822299653,801,2.7909407665505226,37.73,-122.19
5.3008,16,6.106212425,0.9919839679358717,1507,3.0200400801603204,32.9,-116.96
4.8711,27,5.082810539523212,0.944792974,1499,1.8808030112923464,37.75,-122.24
1.9798,49,4.822368421052632,1.0986842105263157,1361,2.2384868421052633,37.86,-122.28
8.4389,25,7.718446601941747,1.058252427184466,568,2.7572815533980584,34.11,-118.3
1.9886,17,3.4219269102990033,1.0514950166112957,1251,2.0780730897009967,32.75,-117.12
3.7917,5,4.770742358078603,1.0655021834061136,1379,3.010917030567686,34.1,-117.53
7.2972,26,7.471343873517786,1.0385375494071147,2909,2.874505928853755,34.01,-117.14
4.2708,15,5.146302250803859,1.0884244372990353,1510,2.427652733118971,33.7,-117.92
2.8456,30,4.970588235294118,1.1568627450980393,537,2.6323529411764706,37.92,-122.31
1.3125,50,3.94,1.236,621,2.484,37.3,-120.49
2.1579,27,5.0604229607250755,1.5740181268882176,744,2.2477341389728096,33.35,-118.32
4.0385,33,5.027863777089784,1.043343653250774,1412,4.371517027863777,37.36,-121.82
4.2324,9,6.118727050183598,1.069767441860465,2687,3.2888616891064872,38.34,-121.95
2.6429,24,3.981958762886598,1.0077319587628866,1807,4.657216494845361,33.91,-118.21
2.7361,14,4.206611570247934,0.9834710743801653,1224,3.371900826446281,32.57,-117.07
3.3017,5,3.2436548223350252,1,666,3.3807106598984773,33.74,-117.93
4.5,52,6.5,1.7,24,2.4,36.96,-122.06
5.6396,19,5.961136023916293,1.0508221225710015,3437,2.5687593423019432,37.56,-122.25
4.8059,52,6.572815533980583,1.1019417475728155,531,2.5776699029126213,34.16,-118
3.8203,17,6.1923076923076925,1.1121794871794872,874,2.801282051282051,34.86,-120.43
5.5023,5,5.167657550535077,1.0618311533888227,5272,2.089575902,33.83,-118.33
6.8299,18,6.390243902439025,0.9420731707317073,1044,3.182926829268293,34.38,-118.54
2.3125,48,5.025714285714286,1.1114285714285714,716,2.045714285714286,39.2,-121.05
2.5812,14,5.488958990536277,1.2334384858044165,850,2.6813880126182967,35.6,-117.66
6.3521,45,5.616438356164384,0.9178082191780822,565,2.5799086757990866,34.02,-118.45
3.9219,15,4.466666666666667,1.0444444444444445,677,2.5074074074074075,33.74,-117.93
2.7075,29,3.6126829268292684,1.048780487804878,1611,1.5717073170731708,37.51,-122.26
2.5333,5,3.7142857142857144,1.3928571428571428,132,2.357142857142857,35.23,-115.75
2.1466,31,3.4509283819628647,1.0689655172413792,1952,5.177718832891247,34.01,-118.25
7.8239,29,6.666666666666667,1.0426356589147288,612,2.372093023255814,33.51,-117.74
3.371,42,4.530120481927711,0.9924698795180723,1817,2.736445783,37.72,-122.17
4.8382,52,5.2639593908629445,0.9289340101522843,909,2.3071065989847717,37.74,-122.44
2.7404,15,5.952830188679245,1.0636792452830188,1207,2.8466981132075473,36.79,-119.69
5.7652,13,6.497017892644135,0.9761431411530815,1431,2.844930417,32.72,-116.87
6.2037,32,5.345132743362832,0.9557522123893806,314,2.7787610619469025,34.27,-118.35
1.9167,52,4.262903225806451,1.0096774193548388,1212,1.9548387096774194,37.85,-122.26
4.0625,44,4.822107081174439,1.0621761658031088,1640,2.832469775474957,37.74,-122.5
3.0057,35,4.095307917888563,1.0058651026392962,2255,3.306451612903226,33.79,-118.3
4.2333,16,7.207619047619048,1.099047619047619,1615,3.0761904761904764,34.07,-117.03
2.8,42,4.791666666666667,1.1493055555555556,1290,4.479166666666667,33.96,-118.22
3,51,3.744475138121547,1.0055248618784531,1607,2.2196132596685083,37.32,-121.93
5.1524,36,4.984703632887189,1.0535372848948374,1165,2.2275334608030595,37.42,-122.12
9.8589,18,7.100719424460432,0.935251799,808,2.906474820143885,33.64,-117.82
5.3909,15,5.727626459143969,0.8871595330739299,892,3.470817120622568,36.31,-119.33
4.2429,3,7.3166571915861285,1.3160886867538375,5820,3.3086981239340534,34.04,-117.46
3.5078,33,4.894894894894895,1.0105105105105106,1784,2.6786786786786787,32.74,-117.08
5.3462,46,6.75,0.998015873,1389,2.755952380952381,34,-118.35
3.7266,16,4.702564102564103,1.0025641025641026,994,2.5487179487179485,38.47,-122.73
4.2986,36,6.036734693877551,1.0244897959183674,741,3.024489795918367,34.08,-117.92
8.2954,37,6.606606606606607,1.0435435435435436,1521,2.2837837837837838,34.13,-118.43
4.6727,5,5.395330739299611,1.0202334630350194,3845,2.992217898832685,34.02,-117.57
6.5116,16,6.157303370786517,0.9400749063670412,1033,3.8689138576779025,37.58,-122.07
6.5151,5,6.190476190476191,0.9761904761904762,157,3.738095238095238,32.64,-117.02
6.3373,7,6.927083333333333,1.11328125,2015,2.6236979166666665,33.09,-117.23
2.6083,36,6.6856060606060606,1.5113636363636365,451,1.7083333333333333,33.83,-116.56
2.3333,42,4.931924882629108,1.1267605633802817,945,2.2183098591549295,38.67,-121.18
2.5125,5,4.817472698907956,1.109204368174727,1415,2.207488299531981,33.98,-117.89
8.1248,18,7.851308901,1.0219895287958116,3189,3.339267015706806,34.32,-118.52
5.2741,7,6.855371900826446,0.9793388429752066,862,3.561983471,32.76,-116.92
1.7917,34,4.398496240601504,1.0902255639097744,602,2.263157894736842,35.13,-118.44
4.9236,28,5.847176079734219,1.1162790697674418,1746,2.9003322259136213,37.66,-122.42
2.0313,18,5.44,1.0933333333333333,253,3.3733333333333335,36.09,-119.45
2.3812,21,3.725,1.075,686,1.715,33.88,-118.31
5.3951,37,5.1420118343195265,1.0532544378698225,1346,2.6548323471400392,37.32,-122.27
6.2185,15,6.519951632406288,1.0822249093107619,2531,3.060459492140266,33.88,-117.82
1.9342,32,4.89957265,0.9957264957264957,1538,3.286324786324786,36.39,-119.31
2.9013,19,6.090909090909091,1.1076555023923444,1257,3.007177033492823,36.65,-119.74
3.15,16,29.852941176470587,5.323529411764706,202,1.9803921568627452,38.52,-120
3.6042,45,5.312149533,1.0598130841121496,1261,2.3570093457943924,37.98,-122.03
3.4485,38,5.076502732240437,0.907103825,686,3.748633879781421,33.88,-118.21
2.6298,40,3.4138655462184873,1.050420168067227,2036,4.277310924369748,33.93,-118.36
5.5514,26,6.618518518518519,1.0185185185185186,801,2.966666666666667,33.72,-117.99
3.4861,52,4.984419263456091,1.0070821529745042,1883,2.6671388101983005,37.8,-122.21
4.3125,21,11.38,2.208,599,2.396,37.88,-122.71
3.4338,34,4.719063545150502,0.9765886287625418,1040,3.4782608695652173,33.87,-117.9
10.4835,30,7.618556701030927,0.9759450171821306,851,2.924398625429553,33.95,-117.99
4.675,33,6.360153256704981,1.0613026819923372,741,2.839080459770115,37.99,-122.12
7.2929,17,6.531120331950207,1.0871369294605808,672,2.788381742738589,37.53,-122.51
2.6172,21,5.2719665271966525,1.0292887029288702,805,3.3682008368200838,32.8,-115.48
1.5069,32,4.145833333333333,1.0208333333333333,1282,3.8154761904761907,35.88,-119.27
6.2944,33,6.815724815724816,1.0515970515970516,1229,3.01965602,33.76,-117.82
4.7833,28,6.550161812297735,1.1003236245954693,844,2.7313915857605178,38.4,-122.29
4.0833,20,6.025301204819277,1,2330,2.8072289156626504,38.64,-121.3
2.4906,31,6.180379746835443,1.1582278481012658,999,3.161392405063291,38.16,-121.16
3.4151,52,5.170351105,0.9336801040312094,1750,2.2756827048114436,32.73,-117.12
1.4729,32,4.4541176470588235,1.0658823529411765,1744,4.103529411764706,36.34,-119.31
2.9205,35,4.728758169934641,1.0947712418300655,1630,5.326797385620915,34.25,-118.43
2.6715,35,5.06993007,0.8951048951048951,930,3.2517482517482517,32.57,-117.12
4.3601,26,6.298387096774194,0.9973118279569892,1221,3.282258064516129,32.57,-117.1
2.8125,44,3.845208845208845,0.9778869778869779,1500,3.6855036855036856,34.12,-118.2
4.2059,24,6.069620253164557,1.0696202531645569,1141,2.4071729957805905,34.05,-117.17
3.5977,23,5.439914163090129,1.0515021459227467,1327,2.847639484978541,34.1,-117.86
2.2708,26,3.947058823529412,1.080392156862745,664,1.3019607843137255,33.77,-118.08
6.7027,8,6.601410934744268,1.0246913580246915,1633,2.880070546737213,37.76,-121.97
1.9429,39,3.8534599728629577,0.994572592,2606,3.5359565807327002,37.49,-120.85
1.5284,31,2.7400881057268722,1.0088105726872247,597,2.6299559471365637,34.1,-118.32
4.7143,26,5.940988835725678,0.9936204146730463,1516,2.4178628389154704,32.78,-117.07
1.7375,35,4.2719665271966525,1.1715481171548117,1258,5.2635983263598325,35.36,-119
2.25,36,4.023041474654378,1.1059907834101383,1086,5.0046082949308754,33.89,-118.22
2.2817,25,3.1671469740634004,1.0240153698366954,5027,4.8290105667627286,33.96,-118.17
3.1964,13,4.751334044823906,1.0128068303094984,2740,2.9242262540021344,37.82,-121.22
3.0859,13,4.497902097902098,1.06993007,1627,2.2755244755244757,37.95,-121.96
1.6563,31,3.814946619217082,0.9928825622775801,781,2.7793594306049823,38.61,-121.47
5.01,20,17.54609929078014,4.432624113475177,338,2.397163120567376,37.65,-118.99
4.5913,52,3.983398438,1.0859375,1466,1.431640625,37.8,-122.42
6.1404,28,4.586818758,0.9683143219264893,1735,2.1989860583016476,33.86,-118.39
2.2328,46,4.890350877192983,1.0701754385964912,1985,4.353070175438597,34.18,-118.15
3.7235,48,4.662393162393163,1.0085470085470085,632,2.700854700854701,34.11,-118.16
5.7765,36,5.791443850267379,1,522,2.7914438502673797,33.82,-118.36
1.6705,12,3.1472081218274113,1.0888324873096447,1441,1.8286802030456852,33.69,-117.99
5.3774,22,7.019230769230769,1.0134615384615384,1637,3.148076923076923,37.38,-121.79
5.5291,52,5.937984496124031,1.049095607235142,1203,3.108527131782946,34.14,-118.22
3.6042,13,4.461956521739131,1.1494565217391304,841,2.285326086956522,33.66,-117.9
3.8698,19,4.386243386243386,1.1296296296296295,648,1.7142857142857142,33.97,-118.46
3.4919,44,5.138418079096045,1.0310734463276836,1137,3.211864406779661,37.75,-122.5
1.125,27,5.649122807017544,1.4210526315789473,112,1.9649122807017543,33.3,-115.96
15.0001,40,9.6,1.0594594594594595,1024,2.7675675675675677,34.09,-118.42
3.7562,34,5.475218658892128,1.0583090379008746,2237,3.260932944606414,37.98,-122.35
7.9614,43,5.702517162471396,1.0274599542334095,1033,2.3638443935926774,33.88,-118.41
5.8541,22,6.448105436573312,0.9884678747940692,1871,3.0823723228995057,33.66,-117.97
3.7303,9,6.175108538350217,1.1360347322720694,2065,2.9884225759768452,35.74,-120.47
8.3608,10,7.994490358126722,1,1200,3.3057851239669422,36.86,-119.78
2.9821,17,13.473039215686274,2.588235294117647,997,2.4436274509803924,38.25,-120.34
3.2845,45,4.551546391752577,1.041237113402062,401,2.0670103092783507,38.44,-122.7
10.476,15,7.079670329670329,0.989010989,979,2.6895604395604398,37.41,-122.15
1.3672,52,4.291479820627803,1.1793721973094171,513,2.3004484304932737,39.73,-121.84
3.5345,52,4.513207547169811,0.8905660377358491,965,3.641509433962264,40.47,-124.1
3.2667,17,6.225331369661267,1.0736377025036818,1809,2.6642120765832105,37.82,-120.79
0.7007,30,3.64,1.0242857142857142,2086,2.98,33.85,-118.18
5.1242,52,5.570909090909091,1.0618181818181818,631,2.2945454545454544,34.17,-118.25
4.3864,18,5.507042253521127,1,247,3.4788732394366195,37.72,-120.93
4.9432,4,6.341708542713568,1.085427135678392,622,3.1256281407035176,36.81,-119.67
2.5122,45,4.75,1.061983471,1437,2.969008264,37.76,-122.16
1.9583,47,5.906976744186046,1.255813953488372,384,4.465116279069767,34.06,-117.76
1.8446,25,4.8359375,1.037109375,1589,1.551757813,33.74,-116.98
1.5553,42,1.8061224489795917,1.063543599257885,6846,3.175324675324675,34.06,-118.29
3.3984,36,5.739130434782608,1.016304347826087,829,2.2527173913043477,40.78,-124.15
5.4171,52,6.764705882352941,1.0751633986928104,722,2.3594771241830066,37.89,-122.28
2.4,25,3.520225776105362,1.110065851364064,3916,3.6839134524929444,33.79,-118.16
2.4732,14,4.445402298850575,1.0747126436781609,4731,13.594827586206897,37,-122.06
2.5074,33,5.665441176470588,1.150735294117647,880,3.235294117647059,36.94,-121.02
4.59,37,5.014285714285714,0.9342857142857143,882,2.52,37.99,-122.03
3.4872,18,5.408759124087592,1.0009124087591241,2697,2.460766423357664,38.69,-120.85
1.9944,52,6.046610169491525,1.1906779661016949,620,2.6271186440677967,37.76,-122.41
8.8386,35,6.680965147453083,1.096514745308311,812,2.1769436997319036,37.88,-122.46
4.2353,31,4.200743494423792,1.0260223048327137,1533,5.698884758364312,34.27,-118.43
3.6042,52,5.167235494880546,1.0273037542662116,855,2.9180887372013653,33.83,-117.92
1.6686,17,3.893175074183976,1.1691394658753709,836,2.4807121661721068,32.81,-116.92
4.0924,19,5.942222222222222,1.048888888888889,744,3.3066666666666666,38.17,-121.28
3.3824,48,5.027548209366391,1.1129476584022038,728,2.005509641873278,34.05,-118.36
5.4834,22,6.622324159021407,0.9740061162079511,1952,2.984709480122324,32.81,-116.91
8.4546,46,8.537931034482758,1.013793103448276,377,2.6,34.13,-118.08
2.8837,38,4.240641711229946,1.032085561497326,601,3.213903743315508,33.83,-118.21
4.2837,16,4.214046822742475,1.1078595317725752,3150,2.6337792642140467,37.36,-121.96
2.2765,30,4.021645021645021,1.028860028860029,2647,3.8196248196248197,34.07,-117.64
2.8528,25,3.8976744186046512,1.036046511627907,1815,2.110465116,34.17,-118.54
5.0123,35,5.451807228915663,0.9578313253012049,1164,3.5060240963855422,34.09,-117.92
5.1298,17,5.314420803782506,1.0591016548463357,878,2.075650118,33.41,-117.59
2.2684,31,2.755134281200632,1.1374407582938388,2034,3.213270142180095,34.05,-118.3
4.7344,50,5.416851441241685,1.0953436807095345,947,2.0997782705099777,34.13,-118.15
3.9271,43,5.296187683284457,0.9941348973607038,764,2.2404692082111435,38.58,-121.44
2.9479,5,5.564150943396227,1.2660377358490567,1620,3.056603773584906,34.55,-117.54
2.0062,19,5.65,1.171875,758,2.36875,38.51,-121.39
3.5488,8,4.768218623481781,0.9746963562753036,3310,3.3502024291497974,34.09,-117.46
5.2359,9,6.703349282,1.069377990430622,955,2.284688995215311,39.23,-121.2
6.6204,16,6.729303547963206,0.9658344283837057,2464,3.237844941,37.75,-121.94
3.6895,14,5.316441441441442,1.125,2648,2.981981981981982,37.12,-121.65
3.3026,14,3.9806763285024154,1.103059581320451,1292,2.080515297906602,34.43,-119.88
4.2472,36,5.632768361581921,1.0338983050847457,1793,2.5324858757062145,37.7,-122.54
5.5919,17,5.994227994227995,1.0663780663780664,2149,3.101010101010101,37.08,-122
2.6205,27,5.371482176360225,1.3339587242026267,930,1.7448405253283301,35.35,-120.84
4.1099,10,6.834909716251075,1.125537403267412,3176,2.7308684436801376,40.57,-122.42
2.1829,15,5.122641509433962,1.0735849056603775,1532,2.890566037735849,41.74,-124.16
3.75,16,5.597916666666666,1.04375,1502,3.129166666666667,32.56,-117.1
2.2326,42,4.761467889908257,1.0596330275229358,1641,3.7637614678899083,34.19,-118.16
3.1131,25,4.751798561151079,1.0611510791366907,396,1.4244604316546763,33.6,-117.7
2.3277,52,3.587557603686636,0.9769585253456221,1580,3.640552995391705,37.35,-121.87
2.1165,48,6.898423817863398,1.5061295971978985,1257,2.2014010507880912,38.53,-122.97
3.4856,28,4.502946955,1.043222003929273,2197,4.316306483,33.86,-117.87
3.2833,44,2.0330188679245285,0.9198113207547169,682,3.2169811320754715,37.66,-122.41
6.2957,25,6.627831715210356,1.0080906148867315,2128,3.443365696,37.25,-121.81
2.8561,36,4.259189443920829,1.0188501413760602,4818,4.5409990574929315,34.19,-119.18
3.6673,22,3.5308510638297874,1.1117021276595744,1848,1.9659574468085106,34.04,-118.45
3.5313,16,5.384615384615385,1.0649038461538463,1104,2.6538461538461537,33.03,-117.27
2.1217,38,5.557377049180328,1.1540983606557378,1279,4.193442623,33.73,-116.22
1.0179,42,3.6607142857142856,1.0446428571428572,706,6.303571428571429,38.94,-121.1
1.5844,31,3.6061269146608317,1.0590809628008753,898,1.9649890590809629,33.78,-118.19
8.8062,52,6.932475884244373,0.9839228295819936,861,2.7684887459807075,34.07,-118.32
2.4717,37,4.748633879781421,1.1010928961748634,936,2.557377049180328,37.77,-120.85
8.0957,36,6.976666666666667,1.01,802,2.6733333333333333,33.78,-118.42
4.7941,24,5.986111111111111,1.0527777777777778,1158,3.216666666666667,33.15,-117.06
1.9612,32,4.343220338983051,1.097457627118644,874,3.7033898305084745,35.37,-118.96
7.3719,22,7.104591836734694,1.125,1086,2.770408163265306,33.66,-117.95
9.8321,17,7.770609318996415,1.039426523297491,654,2.3440860215053765,33.49,-117.73
2.81,43,4.272340425531915,1.004255319148936,839,3.570212765957447,32.66,-117.08
2.6133,49,5.163755458515284,1.1004366812227073,1131,2.469432314,38.11,-122.25
6.187,18,6.626213592,1.0072815533980584,1248,3.029126213592233,34.18,-118.93
3.755,15,5.363076923076923,0.9538461538461539,1011,3.1107692307692307,36.81,-119.85
1.4141,18,5.907692307692308,1.3512820512820514,782,2.005128205128205,35.62,-118.45
2.5652,52,4.727987421383648,1.0864779874213837,1582,2.4874213836477987,37.86,-122.28
8.2961,52,6.588028169014085,1.147887323943662,646,2.2746478873239435,34.06,-118.4
4.0324,22,5.5363790186125215,1.0456852791878173,1784,3.018612521150592,33.99,-117.89
1.4455,35,4.9621380846325165,1.0601336302895323,1567,3.489977728285078,36.21,-119.37
2.5417,41,3.632850241545894,0.9710144927536232,482,2.3285024154589373,34.01,-118.47
6.1943,13,6.532467532467533,0.9090909090909091,267,3.4675324675324677,38.68,-121.25
1.6691,52,4.307420494699647,1.017667844522968,847,2.9929328621908127,38.3,-122.29
1.275,23,4.541114058355437,1.0689655172413792,1370,3.6339522546419096,32.79,-115.54
3.3125,27,4.149080348499516,1.036786060019361,2863,2.771539206195547,34.19,-118.58
0.7526,5,2.5796610169491525,1.0372881355932204,2031,6.884745762711864,38.58,-121.5
3.1949,25,4.433962264150943,1.0251572327044025,1107,2.3207547169811322,34.08,-117.89
2.4792,26,6.1291208791208796,1.1565934065934067,987,2.7115384615384617,40.71,-122.95
2.75,27,3.296979865771812,1.058724832214765,1042,1.7483221476510067,34.03,-118.46
3.1944,35,6.026315789473684,1.0847953216374269,1110,3.245614035087719,38.53,-121.41
3.6007,35,4.432065217391305,0.967391304,862,2.342391304347826,34.19,-118.4
1.6767,26,5.720779220779221,1.3571428571428572,855,2.7759740259740258,37.64,-120.9
2.2656,15,4.755364806866953,1.1321888412017167,2383,2.045493562,35.26,-120.66
4.3083,33,5.643652561247216,1.1024498886414253,996,2.2182628062360803,37.96,-122.54
2.925,49,3.795620437956204,1.0608272506082725,1041,2.5328467153284673,34.42,-119.71
3.6019,33,4.615555555555556,1.08,1021,2.2688888888888887,34.18,-118.45
3.5885,18,5.236538461538461,1.0173076923076922,1150,2.2115384615384617,38.43,-122.68
2.462,28,3.599609375,1.08203125,1402,2.73828125,34.14,-118.24
6.1824,36,6.9,1.119047619047619,621,2.9571428571428573,34.21,-118.13
2.2639,15,3.845528455284553,0.9715447154471545,550,2.2357723577235773,36.82,-119.72
1.7245,21,5.796033994334278,1.6430594900849858,952,2.696883852691218,38.95,-119.95
4.381,32,5.3627760252365935,1.0725552050473186,864,2.725552050473186,33.87,-118.29
2.8194,45,4.411522633744856,1.131687242798354,996,4.098765432098766,34.09,-118.22
4.0469,45,4.125,0.95,282,3.525,37.75,-122.18
5.0393,45,6.229461756373937,1.0141643059490084,942,2.668555240793201,34.16,-118.09
6.0918,21,7.661788617886179,1.0146341463414634,1773,2.8829268292682926,37.93,-122.03
5.6501,4,6.162349968414403,1.104232469993683,4662,2.9450410612760582,33.97,-117.74
6.6176,18,6.464379947229552,1.0738786279683377,2984,3.936675461741425,37.45,-121.9
5.3986,32,6.944680851,1.0382978723404255,575,2.4468085106382977,33.88,-117.92
5.3057,26,4.596875,1.0875,1089,3.403125,37.44,-121.88
5.49,15,6.136400986031225,1.047658175842235,3033,2.4921939194741167,33.45,-117.65
2.7697,38,5.473684210526316,1.0210526315789474,995,2.6184210526315788,38.52,-121.44
5.0923,16,7.176351351351351,1.204054054054054,3836,2.591891891891892,33.91,-117.98
4.1652,37,5.205673758865248,1.0780141843971631,1038,3.6808510638297873,37.64,-122.06
6.3331,37,6.521994134897361,0.9706744868035191,821,2.407624633431085,32.73,-117.25
1.7284,29,4.362,1.053,2053,2.053,39.75,-121.84
7.6526,29,7.014326648,1.0143266475644699,894,2.561604584527221,33.84,-118.15
3.4398,35,5.505119453924915,1.0170648464163823,911,3.1092150170648463,34.08,-117.74
4.4773,28,5.570909090909091,1.0436363636363637,977,3.5527272727272727,34.31,-118.45
6.3215,4,7.2110091743119265,1.0642201834862386,368,3.376146788990826,37.33,-120.46
4.125,37,7.285714285714286,1.2142857142857142,29,2.0714285714285716,39.12,-121.52
1.4427,36,3.798076923076923,1.0769230769230769,426,2.048076923076923,35.38,-119.01
3.7826,5,4.363207547169812,1.1709905660377358,1657,1.9540094339622642,33.79,-118.15
2.675,43,3.349442379182156,1.0353159851301115,1490,2.7695167286245352,34.42,-119.7
3.1985,20,3.5230296827021492,1.5619242579324462,1427,1.4605936540429887,33.63,-117.91
10.2614,16,6.421276595744681,0.9191489361702128,578,2.4595744680851066,34.16,-118.86
3.1746,22,3.665924276169265,1.2628062360801782,1655,1.8429844097995545,34.02,-118.42
3.01,21,10.553648068669528,2.2532188841201717,584,2.5064377682403434,39.25,-120.06
2.5784,28,3.2795081967213116,1.1081967213114754,1799,1.4745901639344263,34.09,-118.38
2.5521,38,2.859848484848485,1.0113636363636365,2899,3.6603535353535355,34.08,-118.27
3.2917,19,6.182656826568266,1.0867158671586716,1578,2.911439114391144,36.69,-119.47
8.163,10,6,1,128,2.098360655737705,33.49,-117.67
2.9798,17,5.530487804878049,0.9695121951219512,1672,3.3983739837398375,35.02,-120.48
2.6184,30,5.133843212237093,1.0439770554493308,951,1.818355640535373,36.19,-118.93
2.3068,23,3.485057471264368,1.0505747126436782,1977,4.544827586206897,33.97,-118.16
2.6902,17,6.035294117647059,1.1911764705882353,975,2.8676470588235294,36.8,-119.24
2.8261,24,4.532994923857868,1.0609137055837563,342,1.736040609137056,33.75,-117.82
2.6786,45,3.4833333333333334,1.1069444444444445,1340,1.8611111111111112,33.77,-118.17
3.0453,25,4.141382868937049,1.1320949432404541,2297,2.370485036119711,33.79,-118.15
3.9766,8,5.6284329563812605,1.0452342487883683,2169,3.504038772213247,34.53,-117.9
1.6829,7,4.736334405144695,1.067524115755627,1608,2.585209003215434,36.31,-119.16
1.9698,12,4.286624203821656,1.1401273885350318,3440,3.6518046709129512,38,-121.29
2.5673,48,3.6839622641509435,1.0353773584905661,1469,3.464622641509434,37.35,-121.89
5.7512,26,7.241758241758242,0.967032967,817,2.9926739926739927,37.97,-121.97
6.5799,10,5.383333333333334,0.8888888888888888,482,2.6777777777777776,38.29,-122.26
2.6635,32,4.155629139072848,1.119205298013245,782,2.589403973509934,32.79,-116.97
3.7031,42,5.010025062656641,1.0802005012531328,1060,2.656641604010025,33.86,-118.19
3.3003,13,3.708737864,1.0449029126213591,1600,1.941747572815534,33.78,-118.15
3.4015,21,4.803867403314917,1.1740331491712708,945,2.610497237569061,35.05,-118
3.9091,38,5.9021739130434785,1.1875,830,2.255434782608696,34.02,-118.43
5.0111,16,6.1577574967405475,1.075619295958279,4911,3.201434159061278,34.01,-117.83
4.125,36,6.030927835051546,1.0103092783505154,1213,3.1262886597938144,34.01,-117.73
5.31,15,7.1680851063829785,1.0617021276595744,1733,3.6872340425531913,38.57,-121.32
3.6667,47,4.3399602385685885,1.0139165009940359,1445,2.8727634194831015,34.11,-118.26
3.2284,18,4.219094247246022,1.0489596083231334,3663,4.483476132190942,34.25,-118.41
3.1395,27,4.643086816720257,1.324758842,597,1.9196141479099678,33.42,-117.62
3.6875,29,5.015410958904109,1.095890410958904,1618,2.7705479452054793,33.82,-117.95
3.3516,26,4.327296248382924,1.0582147477360933,1599,2.0685640362225097,34.17,-118.39
1.4,20,5.9301533219761495,1.4310051107325383,1694,2.885860306643952,34.52,-116.9
1.0353,19,2.1555555555555554,0.973015873,766,1.2158730158730158,32.75,-117.14
4.252,31,3.9782958199356915,1.0393890675241158,1985,1.5956591639871383,34.03,-118.49
8.7974,4,6.146118721461187,0.9726027397260274,603,2.7534246575342465,33.68,-117.82
3.4231,15,5.442508710801394,0.9581881533101045,961,3.3484320557491287,36.2,-119.32
3.703,22,3.8816067653276956,1.1169837914023961,6664,2.3481324876673715,33.84,-118.36
4.0197,17,5.819338422391858,0.9923664122137404,1330,3.3842239185750635,36.59,-119.62
3.1719,32,6.208154506437769,1.0321888412017168,1198,2.570815450643777,37.05,-120.85
15.0001,47,8.592307692307692,1.0615384615384615,749,2.8807692307692307,34.13,-118.1
6.203,38,6.264317181,1.024229074889868,2263,2.4922907488986783,37.74,-122.45
3.0718,52,5.068965517241379,1.1130268199233717,1128,2.160919540229885,37.76,-122.24
4.6875,36,5.663265306122449,0.9897959183673469,721,2.4523809523809526,33.81,-118.12
5.8527,22,6.309486780715397,0.9704510108864697,2204,3.4276827371695178,33.81,-118.04
6.0758,4,6.520361990950226,1.1689291101055808,1479,2.230769230769231,34.12,-117.63
1.4886,35,3.3049645390070923,1.0425531914893618,1153,4.088652482269503,33.99,-118.27
3.5855,35,4.473544973544974,0.9708994708994709,1265,3.3465608465608465,33.86,-117.97
3.5848,18,4.487804878048781,1.024390243902439,1047,2.3215077605321506,33.68,-117.99
3.8068,34,7.341317365269461,1.0778443113772456,359,2.1497005988023954,38.63,-121.39
2.3571,25,3.7448979591836733,0.9693877551020408,543,1.846938775510204,34.01,-118.39
4.2167,52,5.742690058479532,1.152046783625731,653,3.818713450292398,37.72,-122.45
2.8042,35,3.895017793594306,1.0800711743772242,1193,2.122775800711744,37.34,-121.91
2.343,33,4.899280575539568,1.0623501199040768,1497,3.5899280575539567,36.06,-118.98
3.5296,43,4.644149577804584,1.2279855247285887,1497,1.8057901085645356,37.71,-122.48
2.4297,51,3.284313725490196,1.026143790849673,1227,4.009803921568627,34.05,-118.3
2.1727,32,3.98,1.0476923076923077,1246,1.916923076923077,32.76,-117.14
3.6898,15,5.982922201,1.191650853889943,1633,3.098671726755218,32.86,-116.91
6.4788,25,7.278215223097113,1.0078740157480315,1060,2.7821522309711284,37.69,-120.99
3.24,45,5.085141903171953,1.0567612687813022,1448,2.4173622704507514,34.18,-118.34
1.6136,27,2.7195121951219514,0.975609756,249,3.0365853658536586,34.07,-118.24
2.5139,30,4.324652777777778,1.1388888888888888,1091,1.8940972222222223,34.43,-119.72
2.7375,15,17.408560311284045,3.8618677042801557,1316,2.5603112840466924,34.25,-116.83
4.005,7,4.966767371601208,1.0211480362537764,1143,3.4531722054380665,36.84,-121.44
1.875,15,5.327102803738318,1.1495327102803738,189,1.766355140186916,37.53,-120.81
2.57,52,4.202185792349726,1.1256830601092895,612,3.3442622950819674,37.77,-122.23
1.6902,41,4.3142292490118574,1.1047430830039526,1202,2.375494071146245,39.14,-121.62
5.7204,15,6.553191489361702,0.9929078014184397,786,2.7872340425531914,38.37,-122.65
3.3269,15,5.265107212475634,1.1228070175438596,1245,2.426900584795322,35.65,-117.68
4.8021,48,5.760217983651226,1.0626702997275204,973,2.6512261580381473,34.44,-119.73
4.9196,7,6.3158551810237205,0.9737827715355806,3253,4.061173533083646,34.12,-117.39
1.3479,42,3.9075862068965517,1.0593103448275862,2542,3.506206896551724,33.98,-118.29
5.6798,4,6.395640930919837,1.1909863317325453,6902,2.549685999261175,34.41,-118.56
1.8625,32,3.399568034557235,0.9654427645788337,1772,3.8272138228941683,34.95,-120.45
3.4519,15,6.157303370786517,1.1303370786516853,1188,2.6696629213483147,41.28,-122.45
2.5417,50,5.964980544747082,1.1206225680933852,532,2.0700389105058368,38.56,-121.43
3.045,26,4.443640124,1.0723888314374355,3596,3.718717683557394,33.78,-117.91
6.0718,38,5.831932773109243,0.9411764705882353,412,3.462184874,33.93,-118.33
2.2292,32,5.261744966442953,1.0671140939597314,1316,2.9440715883668904,39.94,-122.17
6.299,17,6.478021978021978,1.0879120879120878,1387,3.8104395604395602,33.87,-118.04
7.5,45,6.233128834355829,1.0552147239263803,361,2.214723926380368,33.78,-118.13
5.5524,52,6.129032258064516,1.0419354838709678,1842,2.970967741935484,34.14,-118.2
2.7236,19,5.772084806,1.0848056537102473,1252,2.2120141342756185,38.36,-120.69
4.5694,31,6.104925053533191,0.9807280513918629,1286,2.753747323340471,33.16,-117.34
3.7958,33,5.696796338672769,1.068649885583524,2575,2.946224256292906,34.09,-117.72
4.0159,18,5.523489932885906,1.1369127516778523,2032,2.7275167785234897,32.86,-116.62
4,24,5.982456140350878,1.1228070175438596,146,2.561403509,39.08,-122.92
2.1691,31,5.322115384615385,1.0384615384615385,1326,3.1875,36.68,-119.8
3.6923,18,3.652037617554859,1.0438871473354232,855,2.6802507836990594,37.59,-122.02
2.8042,19,3.9358490566037734,1.0849056603773586,1701,3.209433962264151,34.41,-119.7
3.1625,23,5.773399014778325,1.0024630541871922,1184,2.916256157635468,36.06,-119.05
2.6563,29,3.6511627906976742,1.1209302325581396,1849,4.3,33.84,-117.91
2.4643,27,3.848664688,1.053412462908012,776,2.3026706231454006,32.8,-117.23
2.3289,17,5.772058823529412,1.1397058823529411,417,3.0661764705882355,40.61,-122.45
3.9141,12,6.946386946386946,1.1538461538461537,1184,2.7599067599067597,36.91,-119.46
3.3067,17,4.849181360201511,1.0327455919395465,7302,2.2991183879093198,32.83,-117.01
2.9417,17,4.751644736842105,1.0263157894736843,2681,4.409539473684211,37.02,-121.57
3.7949,13,5.832258064516129,1.0725806451612903,2189,3.5306451612903227,34.17,-117.33
2.6012,16,5.280737704918033,1.014344262295082,1232,2.5245901639344264,39.15,-123.19
3.5649,23,3.695150115473441,1.0473441108545034,2029,2.3429561200923787,37.38,-122.05
2.9167,35,4.054644808743169,1.0965391621129326,2230,4.061930783242259,34.08,-118.18
1.0208,38,3.345890410958904,1.0102739726027397,1073,3.6746575342465753,33.96,-118.27
4.7917,30,5.211136890951276,1.0348027842227379,1837,4.262180974477959,34.03,-117.93
3,21,4.587454764776839,1.083232810615199,1511,1.8226779252110976,33.77,-118.03
2.9087,27,4.2582236842105265,1.082236842105263,1386,2.2796052631578947,37.63,-122.53
5.8068,20,6.632098765432099,1.0222222222222221,1507,3.7209876543209877,37.34,-121.8
0.9355,24,3.482051282051282,1.1897435897435897,1371,2.3435897435897437,37.78,-122.43
3.506,24,4.533333333333333,1.0215384615384615,2981,3.0574358974358975,37.24,-121.88
2.6154,31,3.6139240506329116,0.9683544303797469,841,5.322784810126582,33.91,-118.22
2.9119,45,4.796019900497512,0.8606965174129353,613,3.0497512437810945,37.72,-122.45
5.943,35,6.940476190476191,1.0476190476190477,235,2.7976190476190474,37.92,-122.29
2.113,34,3.7918149466192173,1.0569395017793595,1373,2.4430604982206408,32.75,-117.11
1.7788,14,3.899810964083176,1.056710775047259,934,1.7655954631379962,39.76,-121.62
8.3935,36,7.004792332,0.9904153354632588,1549,2.474440895,37.96,-122.53
1.4107,29,4.247443762781186,1.0715746421267893,1887,3.8588957055214723,36.76,-119.75
5.9328,24,7.023178808,0.9801324503311258,913,3.0231788079470197,34.13,-117.65
1.7159,25,4.562831858,1.1221238938053097,2082,3.6849557522123892,32.99,-115.53
2.3674,20,2.7405541561712847,1.0478589420654911,2919,2.4508816120906802,34.07,-118.31
2.2214,42,3.7292576419213974,1.1368267831149927,1936,2.8180494905385736,34.09,-118.13
2.5352,13,9.793028322440087,1.8649237472766884,1149,2.503267973856209,38.25,-120.37
4.4004,24,5.706373292867982,1.0349013657056145,3970,3.0121396054628224,37.24,-121.9
3.9464,7,6.167582417582418,1.1181318681318682,1016,2.791208791208791,34.87,-117.03
2.3598,23,5.461928934010152,1.0964467005076142,724,3.6751269035532994,39.08,-121.54
2.0357,30,4.055415617128464,1.0327455919395465,1000,2.5188916876574305,36.77,-119.79
3.8603,22,5.354260089686099,0.9282511210762332,545,2.4439461883408073,38.68,-121.31
2.11,25,3.3580980683506687,1.0282317979197622,1603,2.3818722139673105,33.93,-118.35
5.1762,16,6.371389270976616,1.046767537826685,3038,4.178817056396149,34.01,-117.86
5.1205,42,5.727959697732998,1.0806045340050379,1255,3.1612090680100757,37.67,-122.42
1.7849,46,4.294326241134752,1.1382978723404256,1153,4.088652482269503,33.99,-118.28
3.1576,45,3.963924963924964,1.0086580086580086,1320,1.9047619047619047,37.78,-122.45
2.933,26,4.707667731629393,1.0335463258785942,825,1.317891373801917,37.88,-122.08
3.2813,48,4.959459459,1.027027027027027,956,2.5837837837837836,34.05,-118.36
3.9318,7,5.338478500551268,1.0308710033076074,2857,3.1499448732083795,38.71,-121.38
2.2888,46,5.317865429234339,1.0951276102088168,970,2.2505800464037122,38.16,-121.69
1.6987,30,2.5533661740558293,1.041871921182266,2535,2.081280788,34.06,-118.31
2.707,38,4.270588235294118,1.0411764705882354,1139,3.35,34.42,-119.68
3.075,52,5.322649572649572,1.0128205128205128,1098,2.3461538461538463,37.85,-122.26
5.2527,25,6.770491803278689,1.0102459016393444,1464,3,38.28,-122.04
2.4464,33,4.183157894736842,0.9578947368421052,1369,2.8821052631578947,34.08,-117.64
2.9187,21,5.029545454545454,1.040909090909091,1250,2.840909090909091,35.06,-119.4
5.5277,30,5.781902552204176,0.9419953596287703,1250,2.9002320185614847,32.84,-117.19
7.4559,34,7.418060200668896,0.9565217391304348,827,2.765886287625418,37.39,-121.81
1.4779,44,4.900826446280992,1.1239669421487604,364,3.0082644628099175,35.37,-119.01
4.5662,33,5.746835443037975,1.0284810126582278,768,2.430379746835443,32.8,-117
1.494,45,1.7680250783699059,1.1065830721003134,1172,3.6739811912225706,34.06,-118.27
6.0891,5,5.469594594594595,0.918918919,1063,3.5912162162162162,32.91,-117.16
2.6023,26,13.985507246376812,2.8333333333333335,307,2.2246376811594204,39.26,-120.01
2.4744,17,6.225854383358098,1.4056463595839523,1802,2.677563150074294,33.33,-116.74
5.259,36,5.912234042553192,0.9574468085106383,1162,3.0904255319148937,33.86,-118.34
2.9712,52,10.105105105105105,1.9339339339339339,796,2.3903903903903903,37,-122.04
4.1523,34,4.6415094339622645,1.0943396226415094,926,2.495956873315364,34.22,-118.24
3.375,35,4.967479674796748,1.0308943089430895,3738,6.078048780487805,34.01,-117.92
3.6991,19,3.746450304259635,1.050709939148073,2496,2.5314401622718052,37.34,-122.04
4.0717,3,7.248285322359396,1.262002743484225,2703,3.707818930041152,33.8,-117.22
10.5536,28,7.838874680306906,1.0383631713554988,1101,2.815856777493606,33.77,-118.46
5.4876,35,6.163265306122449,0.9941690962099126,1077,3.139941690962099,33.8,-117.98
10.1154,5,8.093425605536332,1.0784313725490196,2427,2.7993079584775087,33.65,-118.05
1.4801,44,2.5813333333333333,1.024,1805,4.8133333333333335,34.05,-118.28
2.8594,14,7.672881355932203,1.4830508474576272,1640,2.7796610169491527,34.89,-116.72
3.705,33,5.191304347826087,0.9956521739130435,839,3.6478260869565218,34.27,-118.45
3.3365,20,5.782527881040892,1.046468401486989,1453,2.700743494423792,34.02,-117.08
5.4949,32,5.7734976887519265,1.024653312788906,1687,2.5993836671802772,37.38,-121.82
3.6435,18,3.2580645161290325,1.0725806451612903,866,1.7459677419354838,33.89,-117.88
2.66,29,3.825046040515654,1.0386740331491713,2087,3.8434622467771637,34.01,-118.1
5.543,34,6.175496688741722,1.1423841059602649,963,3.1887417218543046,33.86,-118.36
2.6548,27,3.443396226415094,1.069182389937107,1300,4.088050314465409,33.98,-118.22
3.1906,34,6.016181229773463,1.0453074433656957,854,2.763754045307443,35.4,-118.97
5.1702,18,4.333333333333333,1.1508295625942684,1243,1.8748114630467572,37.76,-122.29
6.2579,10,6.443322981366459,1.029503105590062,3827,2.9712732919254656,37.65,-122.04
2.9519,43,4.189655172413793,0.9885057471264368,935,5.373563218390805,34.26,-118.43
4.5938,39,6.205882352941177,0.9411764705882353,635,2.3345588235294117,32.73,-117.25
5.8704,17,6.314565483476132,1.018359853121175,3174,3.8849449204406366,37.6,-122.06
7.5,50,6.127348643006263,0.9874739039665971,1031,2.152400835073069,37.84,-122.22
2.1553,37,4.255287009063444,1.081570996978852,1341,2.025679758308157,36.98,-122.03
3.175,37,5.337110481586402,1.0368271954674222,1052,2.9801699716713883,34.89,-117.04
5.6327,18,6.759916492693111,1.129436325678497,2413,2.5187891440501042,34.17,-118.58
2.9402,33,5.550617283950618,1.0716049382716049,1461,3.6074074074074076,35.3,-118.99
1.8827,20,5.427184466019417,1.0533980582524272,1405,3.4101941747572817,36.06,-119.31
3.0559,20,5.803625377643504,0.9516616314199395,2490,3.7613293051359515,34.9,-120.48
3.35,36,4.2853535353535355,0.9949494949494949,1274,3.217171717171717,33.8,-118.25
4.2006,24,5.972222222222222,1.1150793650793651,1360,2.6984126984126986,36.98,-121.94
4.0221,16,5.594795539033457,1.0780669144981412,1649,3.0650557620817844,33.61,-117.69
2.7457,37,5.632727272727273,1.0945454545454545,863,3.138181818181818,38.16,-122.41
5.2497,4,5.536013400335008,1.0787269681742044,1693,2.835845896147404,33.66,-117.58
0.7684,31,2.5692307692307694,1.0307692307692307,780,6,40.87,-124.07
0.9337,45,4.712328767123288,1.1397260273972603,1382,3.786301369863014,33.98,-118.28
5.0855,15,6.039007092198582,1.1347517730496455,587,2.0815602836879434,32.86,-117.23
4.6937,26,5.484011627906977,1.0087209302325582,2103,3.056686046511628,34.13,-117.84
5.0106,36,5.529220779220779,1.0551948051948052,845,2.7435064935064934,33.86,-118.14
4.7468,37,6.572748267898383,1.2771362586605082,939,2.168591224018476,36.88,-121.96
3.7813,39,4.564738292011019,1.1074380165289257,931,2.564738292011019,34.03,-118.45
2.6066,21,5.790361445783133,1.163855421686747,1647,3.968674698795181,35.65,-119.77
2.0875,25,3.933641975308642,1.0416666666666667,2053,3.168209877,38.13,-121.26
3.6731,35,5.350253807106599,1.0279187817258884,1243,3.1548223350253806,33.92,-118.03
2.125,30,5.201663201663202,1.0873180873180872,1296,2.6943866943866945,40.47,-122.33
2.2981,46,4.5846867749419955,1.088167053364269,1409,3.269141531322506,34.02,-118.31
1.8269,32,4.445544554455446,1.4653465346534653,825,2.722772277227723,39.24,-120.02
3.875,21,5.8125,1.056686046511628,1889,2.745639534883721,35.41,-118.95
4.1591,41,5.004962779156328,1.2133995037220844,783,1.9429280397022333,33.53,-117.8
4.5568,33,6.1370786516853935,1.0247191011235954,1263,2.838202247191011,32.8,-117.13
3.4531,52,4.203007518796992,1.0244360902255638,1186,2.2293233082706765,37.76,-122.46
5.7837,23,6.607940446650124,1.066997518610422,1499,3.7196029776674937,33.79,-118.01
4.0282,16,5.842592592592593,1.0018518518518518,1630,3.0185185185185186,39,-121.3
2.1513,27,4.698550724637681,1.0521739130434782,909,2.634782608695652,37.93,-121.19
4.7361,44,5.518987341772152,1.1265822784810127,783,3.3037974683544302,33.88,-118.18
2.4828,25,4.085653104925053,1.0985010706638116,956,2.0471092077087794,32.75,-117.14
1.4792,22,4.1531165311653115,0.983739837,2165,2.9336043360433606,36.21,-119.34
2.773,20,3.8841405508072175,1.2070275403608737,2824,2.6818613485280154,34.2,-118.43
2.8167,52,4.145985401459854,1.0170316301703164,1336,3.2506082725060828,37.35,-121.88
3.2015,42,4.949781659388647,1.0436681222707425,1083,2.3646288209606987,34.16,-118.35
4.7393,23,4.960328317373461,1.0930232558139534,2321,3.1751025991792066,33.84,-118.29
4.0846,52,4.821316614420063,0.9561128526645768,819,2.5673981191222572,37.74,-122.47
5.2887,25,6.344488188976378,1.031496062992126,1763,3.470472440944882,34.42,-118.47
4.1797,6,6.794212218649518,1.1363344051446946,5690,3.6591639871382635,34.12,-117.47
4.8375,40,6.8625,1.09375,415,2.59375,38.64,-121.26
3.1696,13,5.079365079365079,1.0158730158730158,2450,4.320987654320987,32.57,-117.05
2.6923,14,5.180628272251309,1.130890052356021,1756,4.596858638743456,37.38,-120.71
2.3462,42,3.75,1.0101626016260163,2191,4.453252032520325,34.01,-118.18
2.5179,45,4.938837920489297,1.033639143730887,823,2.5168195718654434,38.24,-122.63
5.7934,52,4.151565074135091,1.0691927512355848,959,1.5799011532125207,37.8,-122.43
2.8182,29,5.427083333333333,1.0173611111111112,883,3.0659722222222223,36.84,-120.44
1.6513,37,4.5,1.2755102040816326,390,3.979591836734694,33.95,-118.24
2.6442,31,4.391812865497076,1.0730994152046784,1514,4.426900584795321,33.21,-117.38
2.6667,35,3.8959537572254335,0.884393064,808,4.670520231213873,34.27,-118.42
3.4836,27,3.5549412577747064,1.0234968901174843,2518,1.7401520387007603,37.58,-122.33
4.1042,35,5.001865671641791,0.9477611940298507,1580,2.9477611940298507,37.69,-122.12
1.8456,32,3.456730769230769,1.2067307692307692,894,4.298076923076923,32.71,-117.14
2.5762,29,4.048703849175177,1.0950510604870385,3741,2.938727416,37.78,-122.28
4.2542,16,6.048561151079137,1.0989208633093526,1603,2.883093525179856,36.97,-122.05
1.4904,26,1.5981308411214954,1.0529595015576323,1204,3.750778816199377,34.06,-118.27
3.1517,22,3.62991453,1.070940170940171,1766,1.5094017094017094,34.09,-118.37
1.9485,48,4.705639614855571,1.0096286107290233,1441,1.9821182943603852,38.54,-121.45
3.9485,35,6.271794871794872,1.0547008547008547,1694,2.8957264957264957,32.72,-117.05
2.5313,36,6.261904761904762,1.7380952380952381,88,2.0952380952380953,38.15,-121.99
3.2222,44,4.343669250645995,1.0516795865633075,1105,2.855297157622739,34.14,-118.21
2.25,24,6.044871794871795,1.3397435897435896,514,3.2948717948717947,36.65,-120.31
2.2206,50,4.622754491017964,1.1616766467065869,606,3.628742515,36.73,-119.81
3.6389,29,4.186588921282799,1.1690962099125364,674,1.9650145772594751,33.92,-118.41
5.0198,9,6.696378830083566,1.0863509749303621,1074,2.9916434540389973,34.35,-117.31
3,16,6.110569105691057,1.1626016260162602,1777,2.8894308943089433,38.09,-120.46
3.2917,34,6.597444089456869,1.095846645367412,1041,3.3258785942492013,36.55,-119.53
2.9344,36,3.9867172675521823,1.079696394686907,1756,3.332068311195446,34.03,-118.38
3.0469,32,5.5625,1,1038,3.8161764705882355,36.56,-119.73
1.8068,34,3.9066339066339064,1.0368550368550369,1272,3.1253071253071254,36.54,-119.39
2.8833,29,5.793911007025761,1.0608899297423888,1130,2.6463700234192036,40.79,-124.13
2.681,28,3.988294314381271,1.1103678929765886,3201,2.6764214046822743,33.95,-118.35
2.7209,32,5.090510948905109,1.0802919708029197,1957,2.856934306569343,37.64,-120.95
4.175,52,5.396694214876033,1.0578512396694215,296,2.446280991735537,37.78,-122.17
4.8,31,5.546875,0.9732142857142857,942,2.1026785714285716,32.78,-117.06
1.7656,42,4.144702842377261,1.0310077519379846,1581,4.0852713178294575,33.96,-118.28
3.1528,43,5.423772609819121,1.028423772609819,1276,3.297157622739018,33.92,-118.17
3.0101,12,4.748458693,1.0567200986436498,2169,2.6744759556103577,34.58,-118.08
2.8594,48,5.307339449541284,1.1330275229357798,677,3.1055045871559632,34.07,-117.76
5.1806,9,4.416356877,1.0346964064436184,1530,1.895910780669145,33.8,-118.16
2.4943,29,5.0828402366863905,1.081360946745562,1323,1.9571005917159763,34.05,-117.18
1.5608,31,3.971502590673575,0.9352331606217616,1518,3.9326424870466323,36.4,-119.1
2.9844,50,5.260869565217392,1.059782608695652,462,2.510869565217391,37.79,-122.19
5.246,11,7.290148448043185,1.0074224021592442,5221,3.5229419703103915,34.14,-117.38
3.8162,18,5.2247557003257326,1.0472312703583062,1973,3.2133550488599347,34.25,-119.2
3.6602,18,5.455840455840455,1.0683760683760684,2767,3.9415954415954415,34.08,-117.46
4.4667,34,5.812375249500998,1.0379241516966067,1625,3.2435129740518964,33.79,-117.95
2.1202,52,4.052805280528053,0.9669967,648,2.1386138613861387,37.85,-122.27
3.1923,31,5.348697394789579,1.0300601202404809,1626,3.258517034068136,32.72,-117.06
3.1429,52,4.3951890034364265,0.9862542955326461,534,1.8350515463917525,37.83,-122.25
2.2083,18,5.183908045977011,1.1206896551724137,771,4.431034482758621,36.84,-120.69
3.4506,10,5.356715141146279,1.0932420872540634,2954,2.5269461077844313,38.68,-121.22
4.0603,21,4.5809935205183585,0.9611231101511879,2211,4.775377969762419,34.96,-120.45
3.4643,46,5.26875,0.946875,870,2.71875,33.96,-118.31
0.8658,52,3.7265625,0.9609375,943,3.68359375,34.12,-117.27
3.9792,33,7.193243243243243,1.1986486486486487,1670,2.2567567567567566,36.54,-121.92
4.3194,34,5.2254901960784315,0.9607843137254902,819,2.676470588235294,34.22,-118.56
5.0222,37,6.2,0.952,805,3.22,37.36,-122.09
3.8036,26,5.609090909090909,1.018181818181818,251,2.2818181818181817,32.75,-117.22
5.1482,12,6.781582054309327,1.244391971664699,2104,2.4840613931523023,33.38,-117.63
3.6588,45,4.93993994,1.0405405405405406,2466,3.7027027027027026,37.7,-122.47
6.0102,12,5.219765929778934,1.1287386215864759,1605,2.0871261378413526,33.71,-118.04
3.5625,32,5.016372795969773,1.1032745591939546,1989,2.505037783375315,37.26,-121.91
5.9196,27,8.852216748768473,1.6896551724137931,435,2.142857142857143,33.61,-117.91
7.9977,20,7.169960474308301,1.1146245059288538,658,2.600790513833992,37.87,-122.53
7.7799,25,7.045936395759718,1.0141342756183747,704,2.487632508833922,37.34,-122.04
3.1858,34,6.346153846153846,1.3307692307692307,355,2.730769230769231,38.65,-121.38
3.3545,24,4.254021448,1.0375335120643432,2945,1.9738605898123325,34.17,-118.4
4.0714,19,61.8125,11,112,2.3333333333333335,39.01,-120.06
4.125,37,5.525,0.975,612,2.55,32.63,-117.06
1.9932,29,4.329949239,1.0532994923857868,990,2.512690355329949,38.47,-122.72
1.7227,14,4.452425373134329,1.0569029850746268,2101,1.9598880597014925,40.61,-122.38
3.5179,12,5.021396396396397,1.045045045045045,2471,2.7826576576576576,33.04,-117.28
2.0885,36,3.964391691394659,1.0014836795252227,2883,4.277448071216617,34.05,-118.2
6.0862,9,6.379166666666666,1.0083333333333333,850,3.5416666666666665,32.97,-117.11
6.37,35,6.129032258064516,0.9262672811059908,658,3.032258064516129,33.78,-117.96
3.8269,18,4.873362445414847,0.9606986899563319,1091,2.3820960698689957,36.87,-122.05
2.0044,30,2.2844932844932844,0.9352869352869353,2595,3.1684981684981683,34.09,-118.32
3.2759,18,5.340673575129534,1.1321243523316062,1895,2.454663212435233,38.01,-122.31
4.7685,5,4.331352154531946,1.0950965824665677,3959,1.9608717186726101,37.39,-122.04
7.8177,36,6.750469043,0.9380863039399625,1296,2.431519699812383,37.38,-122.11
4.8438,28,5.075829383886256,1.0545023696682465,1140,2.7014218009478674,33.81,-118.32
4.5625,21,4.667953667953668,1.193050193050193,801,3.0926640926640925,37.5,-122.49
5.9441,15,6.877192982,0.9707602339181286,485,2.8362573099415203,38.36,-122.01
4.615,48,5.396825396825397,1.0396825396825398,268,2.126984126984127,34.15,-118.42
2.7308,31,4.476125512,1.0477489768076398,2385,3.2537517053206004,34,-118.12
3.5329,31,4.5,1.0308370044052864,1524,3.356828193832599,33.84,-117.9
3.3611,46,5.701421800947867,1.037914691943128,637,3.018957345971564,33.99,-118.06
4.0196,17,6.139767054908486,1.0449251247920133,1888,3.141430948419301,36.83,-119.76
2.875,34,5.218354430379747,1.0221518987341771,919,2.9082278481012658,36.76,-119.87
5.0699,25,5.293361884368308,0.9635974304068522,1301,2.7858672376873663,33.73,-118.05
3.1818,18,4.212477928193055,1.100058858151854,4642,2.7321954090641554,34.2,-118.57
6.1624,26,6.507380073800738,1.0092250922509225,1615,2.9797047970479706,33.66,-117.98
4.5428,52,5.283495145631068,1.050485436893204,1185,2.3009708737864076,37.8,-122.22
6.5382,24,7.308943089430894,1.0040650406504066,1573,3.1971544715447155,32.86,-117.21
4.2009,7,4.843890478136494,1.0997139354311403,4404,1.7997548017981202,34.18,-118.59
2.3798,17,4.784883720930233,0.9593023255813954,750,2.1802325581395348,39.74,-121.59
5.6573,19,6.713080168776371,1.1772151898734178,891,3.759493670886076,33.87,-117.86
5.7117,16,5.774881516587678,1.037914691943128,986,2.3364928909952605,33.69,-117.98
6.4598,18,7.8400735294117645,1.068014705882353,2025,3.7224264705882355,33.62,-117.69
2.8015,40,3.6592592592592594,0.8444444444444444,547,4.051851851851852,37.77,-122.22
3.9395,33,4.9409221902017295,0.9812680115273775,1798,2.590778097982709,37.67,-122.12
3.0047,9,4.008108108108108,1.0405405405405406,1430,1.9324324324324325,37.37,-122.03
2.2791,23,5.394944707740916,1.2290679304897314,1492,2.3570300157977884,34.86,-120.45
5.6276,35,6.558241758241758,0.9802197802197802,1435,3.1538461538461537,33.83,-117.89
2.6598,50,4.803603603603603,1.1045045045045045,1768,3.1855855855855855,36.85,-121.4
2.3937,20,18.793522267206477,5.2631578947368425,658,2.6639676113360324,35.82,-118.7
4.5714,18,6.362917398945519,1.0764499121265378,4168,3.662565905096661,37,-121.57
3.2589,9,11.458507963118189,2.0561609388097235,2811,2.3562447611064545,37.84,-120.2
6.6772,13,7.377071823,1.0676795580110496,2288,3.160220994475138,34.68,-118.17
3.0682,14,5.4930693069306935,1.120792079207921,1530,3.0297029702970297,33.73,-116.24
0.9336,10,3.6627450980392156,1.0196078431372548,401,1.572549019607843,37.66,-120.98
2.8274,12,4.7682926829268295,1.0121951219512195,292,1.7804878048780488,36.85,-119.78
0.4999,16,21.63157894736842,6,26,1.368421052631579,39.42,-122.89
2.0347,20,6.64,1.516,637,2.548,33.49,-115.84
2.575,15,5.828196347031963,1.1386986301369864,5656,3.228310502283105,38.49,-121.46
1.9074,26,4.26417704,1.1147994467496543,960,1.3278008298755186,33.77,-118.08
7.5443,33,6.309523809523809,1.0386904761904763,907,2.699404761904762,37.29,-121.98
3.7731,38,5.491228070175438,0.9883040935672515,710,2.0760233918128654,38.57,-121.42
1.4015,35,4.098591549295775,0.9753521126760564,992,3.492957746478873,35.35,-119
6.227,45,5.6502732240437155,0.9508196721311475,844,2.3060109289617485,37.46,-122.16
4.2448,10,4.823889739663094,1.1960183767228179,1582,2.4226646248085757,34.26,-119.21
6.8145,9,9.263598326359833,1.0711297071129706,848,3.5481171548117154,37.95,-122
2.6701,41,4.8887323943661976,1.06056338,1680,2.3661971830985915,38.89,-121.08
2.6178,52,3.304289544235925,1.0361930294906165,2328,3.1206434316353886,34.08,-118.28
2.125,52,3.6179775280898876,0.9887640449438202,229,2.5730337078651684,34.13,-118.25
2.925,26,5.283524904214559,1.0938697318007662,1291,2.4731800766283527,35.52,-120.69
1.9385,28,3.6,1.0392523364485982,1717,3.209345794392523,36.67,-121.65
3.3187,10,5.292391304347826,1.1576086956521738,4936,2.6826086956521737,33.9,-117.46
3.0208,38,5.605664488017429,1.0544662309368191,1568,3.4161220043572986,34,-118.11
4.5368,37,5.720250521920668,1.0521920668058455,1468,3.0647181628392484,33.94,-118.32
2.425,28,4.174025974025974,1.0935064935064935,926,2.4051948051948053,36.96,-122.03
3.197,7,5.4851190476190474,1.0907738095238095,1612,2.3988095238095237,33.06,-117.27
3.4234,46,5.494047619047619,1.1398809523809523,867,2.580357142857143,33.79,-117.85
3.5208,48,6.203557312252965,1.1600790513833992,1319,2.6067193675889326,33.97,-118.29
1.8564,37,3.814814814814815,1.0507544581618655,2586,3.5473251028806585,34.03,-118.3
8.3924,37,7.2155172413793105,1.0172413793103448,945,2.7155172413793105,37.37,-122.1
7.7197,26,5.714285714285714,1.1428571428571428,52,7.428571428571429,37.42,-121.89
2.785,36,5.289029535864979,0.9831223628691983,1227,2.588607594936709,36.77,-119.76
6.1078,2,6.570224719101123,1.1474719101123596,1970,2.7668539325842696,33.63,-117.61
3.5164,47,5.970639032815199,1.0742659758203799,1700,2.936096718480138,34.18,-118.14
3.3906,42,5.416974169741698,1.036900369,571,2.107011070110701,38.53,-121.49
4.1,2,14.36,1.96,119,2.38,34.16,-117.51
2.4741,31,3.414839797639123,1.042158516020236,2231,3.7622259696458684,33.91,-118.29
4.9904,15,6.9077809798270895,1.0172910662824208,1258,3.6253602305475505,36.85,-119.64
4.5185,30,5.828767123287672,1.058904109589041,2129,2.9164383561643836,34.08,-117.69
3.1297,23,5.3973128598848366,1.1017274472168905,2842,2.727447216890595,35.39,-118.96
2.7411,27,4.684210526315789,1.0588235294117647,1346,4.167182663,35.78,-119.25
2.3068,12,4.145092460881934,1.0440967283072546,2104,2.992887624466572,32.72,-117.01
1.6187,38,3.301994301994302,1.047008547008547,1407,2.0042735042735043,34.01,-118.34
8.5153,40,6.407265774378585,0.9254302103250478,1564,2.9904397705544934,34.07,-118.48
5.1321,23,5.160388821385176,1.014580801944107,2357,2.8639125151883356,37.55,-122.05
3.3125,26,5.283168316831683,1.00990099,1437,2.8455445544554454,39.07,-121.7
3.7308,34,5.048611111111111,1.0847222222222221,2171,3.015277777777778,33.95,-118.1
3.3281,25,5.102728731942215,1.0256821829855538,2526,4.054574638844302,33.8,-117.99
9.1232,20,7.621866666666667,1.0314666666666668,5452,2.9077333333333333,34.13,-118.6
1.7132,21,3.8201970443349755,1.041871921182266,1519,3.7413793103448274,36.69,-119.55
3.12,52,4.797527047913447,1.061823802163833,1157,1.7882534775888717,37.84,-122.25
3.6016,36,4.213235294117647,0.9522058823529411,1173,4.3125,34.25,-118.41
3.5128,23,5.177777777777778,0.9506172839506173,911,2.2493827160493827,36.74,-119.69
5.3644,36,6.305220883534137,1.1004016064257027,992,3.9839357429718874,37.63,-122.09
5.9378,15,7.572769953051643,0.9530516431924883,673,3.159624413,37.35,-120.43
3.6094,52,5.171014492753623,1.0666666666666667,966,2.8,34.17,-118.13
5.1356,10,5.144312393887946,0.9745331069609507,1623,2.7555178268251272,37.26,-121.82
3.7986,38,5.357995227,1.0596658711217184,1540,3.675417661097852,34.01,-118.07
2.3,30,5.015444015444015,1.106177606177606,2170,4.1891891891891895,34.01,-117.69
2.1902,37,3.1340996168582373,1.0306513409961686,576,2.206896551724138,37.33,-121.94
1.4511,46,5.230769230769231,1.120879120879121,476,5.230769230769231,34.06,-117.32
3.0724,45,3.0350877192982457,0.7368421052631579,230,4.035087719298246,33.98,-118.24
2.5719,32,4.370253164556962,1.0316455696202531,2677,4.235759493670886,33.9,-118.19
2.25,33,3.298464491362764,1.0374280230326296,3817,3.663147792706334,34.07,-118.1
6.979,17,6.7057057057057055,0.960960961,2166,3.2522522522522523,33.67,-117.97
2.9145,19,3.5274725274725274,1.086080586080586,881,1.6135531135531136,37.85,-122.47
3.6,37,4.3497267759562845,0.9562841530054644,740,4.043715846994536,33.9,-118.1
1.3929,33,3.657458563535912,1.011049723756906,607,3.3535911602209945,36.75,-119.83
6.435,40,4.361038961038961,0.9662337662337662,719,1.8675324675324676,33.87,-118.4
2.5,23,5.724452554744525,1.145985401459854,1446,2.6386861313868613,36.32,-119.33
3.788,25,5.730841121495327,1.0654205607476634,1558,2.912149533,39.26,-123.18
3.5909,46,5.913725490196079,1.0235294117647058,674,2.6431372549019607,34.17,-118.16
3.3269,52,4.61003861,1.079150579150579,1121,2.164092664092664,37.77,-122.27
4.4643,35,5.710059171597633,0.9704142011834319,805,2.3816568047337277,38.6,-121.36
6.1142,23,6.361638361638362,1.028971028971029,3281,3.277722277722278,33.79,-118.02
3.3456,11,3.895022624434389,1.1266968325791855,1960,1.7737556561085972,32.75,-117.23
3.3603,11,6.170731707317073,1.0926829268292684,573,2.795121951219512,39.27,-121.23
7.3672,47,5.978456014362657,1.021543985637343,1220,2.190305206463196,33.75,-118.12
4.3229,18,5.398601398601398,0.951048951,825,2.8846153846153846,37.75,-121.52
3.9722,27,4.619271445358402,1.0963572267920094,1877,2.2056404230317272,37.55,-122.31
2.875,26,3.9804941482444733,1.0975292587776333,2135,2.776332899869961,33.79,-118.16
1.9189,28,3.097560975609756,1.0540069686411149,2184,3.8048780487804876,34.06,-118.06
3.1815,19,4.677839851024209,0.9478584729981379,1856,3.456238361266294,36.93,-121.79
1.9479,26,4.267326732673268,0.9801980198019802,984,3.2475247524752477,37.76,-122.19
1.1468,39,4.123015873015873,1.1130952380952381,1901,3.7718253968253967,33.94,-118.27
2.25,34,3.9812206572769955,1.0704225352112675,1609,3.776995305164319,34.07,-118
4.1875,6,5.816358024691358,1.0324074074074074,2061,3.1805555555555554,36.84,-121.38
3.8472,33,5.033690658499235,0.9938744257274119,1783,2.7304747320061256,34.05,-118.15
2.4474,19,5.200426439,0.9850746268656716,1416,3.0191897654584223,36.45,-119.86
5.2146,16,28.432142857142857,4.0964285714285715,879,3.1392857142857142,34.27,-117.19
2.1875,34,4.453947368421052,1.069078947368421,922,3.0328947368421053,35.35,-119.01
6.4218,19,7.153846153846154,1.0384615384615385,786,3.358974358974359,33.89,-117.87
3.95,21,6.224390243902439,1.0146341463414634,501,2.443902439,38.66,-121.32
11.075,38,7.204678362573099,1.040935673,410,2.3976608187134505,33.61,-117.91
4.8283,4,6.795894428152493,1.0533724340175954,5804,3.4041055718475075,34.13,-117.42
2.8182,12,5.404761904761905,1.0627705627705628,1153,2.4956709956709955,40.92,-124.09
2.7619,21,4.043795620437956,0.9817518248175182,524,1.9124087591240877,38.3,-122.3
2.7875,30,4.707423580786026,1.0633187772925765,1023,2.2336244541484715,36.99,-122.02
2.875,30,4.421686746987952,1.1421686746987951,934,2.2506024096385544,32.76,-117.1
1.8477,39,3.6723768736616704,1.3340471092077089,1327,2.841541755888651,37.8,-122.27
1.9853,47,3.9927797833935017,0.9620938628158845,1903,3.435018050541516,33.99,-118.3
5.634,33,6.576791809,1.0409556313993173,896,3.058020478,34.27,-118.53
2.4375,39,4.844559585492228,1.0880829015544042,711,3.683937823834197,33.91,-118.26
3.5583,40,5.630363036,1.0627062706270627,796,2.627062706270627,32.63,-117.07
0.987,52,4.328282828282828,1.1717171717171717,520,2.6262626262626263,39.73,-121.84
4.5739,35,6.01010101,0.9696969696969697,1033,3.478114478114478,33.79,-117.92
4.125,38,4.7734375,1.1015625,756,2.953125,33.9,-118.12
1.8672,43,5.050125313283208,1.050125313283208,1543,3.8671679197994986,33.96,-118.25
3.225,37,4.2845188284518825,1.0292887029288702,1371,5.7364016736401675,34.27,-118.42
5.0431,16,6.296296296296297,1.0030864197530864,1207,3.7253086419753085,34.02,-117.62
1.5161,28,3.904862579281184,1.0570824524312896,2263,4.784355179704017,33.91,-118.22
4.2898,40,5.224867724867725,1.029100529100529,1116,2.9523809523809526,34.09,-118.06
4.1304,38,4.124413145539906,1.0892018779342723,821,1.9272300469483568,33.55,-117.8
3.125,30,3.791970802919708,1.1058394160583942,606,2.2116788321167884,34.03,-118.44
4.3317,30,6.062030075,1.0432330827067668,1601,3.0093984962406015,32.83,-117.19
4.5417,36,6.203187250996016,1.0756972111553784,697,2.7768924302788847,33.84,-118.1
2.8403,24,4.256594724220624,1.0731414868105515,2828,3.3908872901678655,33.81,-117.83
2.5625,2,2.7719298245614037,0.7543859649122807,94,1.6491228070175439,37.82,-122.29
3.75,19,4.4731457800511505,1.0383631713554988,969,2.4782608695652173,33.84,-117.95
3.2589,18,6.372146118721461,1.1232876712328768,1187,2.7100456621004567,38.32,-120.88
4.4485,35,6.414110429447852,1.1042944785276074,879,2.696319018404908,34.25,-118.27
6.3705,6,6.4594017094017095,1.106837606837607,1225,2.6175213675213675,37.67,-121.76
7.3861,16,5.661596958174905,0.9961977186311787,945,3.593155893536122,37.41,-121.86
5.5696,17,5.984375,0.9479166666666666,702,3.65625,33.15,-117.14
1.9107,37,4.539548023,1.0875706214689265,972,2.7457627118644066,38.62,-121.44
2.0368,37,5.662650602409639,1.2650602409638554,522,6.289156626506024,34.17,-119.11
2.6771,23,3.7484536082474227,1.0762886597938144,958,1.975257731958763,33.74,-117.83
2.1736,29,5.485835694050992,1.1288951841359773,2237,3.168555240793201,38.52,-121.46
1.3333,30,8.571428571428571,2.1587301587301586,122,1.9365079365079365,34.22,-115.52
5.0947,14,5.076923076923077,1.0384615384615385,943,3.626923076923077,32.68,-117.04
2.1563,22,3.6532033426183843,1.0194986072423398,1283,1.786908077994429,32.76,-117.13
2.7543,15,3.9331797235023043,1.1843317972350231,1335,3.076036866359447,33.64,-117.93
1.7875,18,5.270440251572327,1.0440251572327044,733,2.3050314465408803,39.76,-121.58
4.5053,16,5.766176470588236,1.0691176470588235,2830,4.161764705882353,38.15,-122.26
2.975,30,5.2926829268292686,1.0703012912482066,2250,3.2281205164992826,38.4,-122.73
3.9699,24,4.033123028391167,1.0701892744479495,3169,2.4992113564668768,37.54,-122.28
4.1812,17,4.8076923076923075,0.9188034188034188,1218,2.6025641025641026,36.33,-119.34
7.3031,24,7.1753846153846155,1.073846153846154,761,2.3415384615384616,34.06,-118.56
2.3971,35,3.7774294670846396,1.0344827586206897,583,1.8275862068965518,34.09,-117.89
1.4635,43,4.662162162162162,1.1531531531531531,1925,4.335585585585585,36.75,-119.78
1.8047,29,4.693679092382496,0.965964344,1809,2.9319286871961103,39.48,-121.54
3.1326,13,6.648414985590778,1.1123919308357348,925,2.6657060518731988,37.35,-119.68
1.8641,39,4.547861507128309,1.1466395112016294,2031,4.136456211812627,36.75,-119.76
4.6864,35,6.4504950495049505,1.1064356435643565,1555,3.849009900990099,34.29,-118.44
5.7393,9,5.792270531400966,0.9033816425120773,629,3.0386473429951693,34.03,-117.31
2.1728,22,5.616099071,1.0588235294117647,941,2.913312693498452,39.41,-121.71
1.9943,21,4.6743421052631575,1.0526315789473684,1658,2.726973684210526,40.43,-122.29
13.2949,4,9.104216388225934,1.0779634049323787,3898,3.1010342084327767,37.82,-121.89
3.2396,14,5.092511013215859,0.9515418502202643,574,2.5286343612334803,38.37,-121.94
3.8398,32,6.23046875,1.109375,1614,3.15234375,34.12,-117.37
2.8365,32,5.371900826446281,1.0606060606060606,1145,3.1542699724517904,38.76,-121.77
2.5978,17,4.316920322291853,1.0456580125335722,3868,3.4628469113697404,33.83,-118.07
2.9194,41,4.211920529801325,1.1103752759381897,1557,3.437086092715232,34.12,-118.2
5.2551,13,6.071428571428571,0.9894179894179894,1284,3.3968253968253967,34.04,-117.67
4.2083,26,5.366323907455013,1.1375321336760926,2118,2.7223650385604112,34.18,-118.53
3.2338,34,5.177570093457944,1.016822429906542,1409,2.633644859813084,38.14,-121.29
2.6864,30,7.154453213,1.5896279594137541,1769,1.9943630214205186,35.44,-120.95
8.7591,4,7.422045680238332,1.0297914597815292,2969,2.9483614697120157,33.5,-117.7
4.125,33,4,0.5454545454545454,23,2.090909090909091,38,-122.39
4.45,37,5.256267409470752,0.9832869080779945,895,2.4930362116991645,37.95,-122.32
2.6058,26,5.789156626506024,1.0210843373493976,1148,3.4578313253012047,36.62,-119.34
3.5,33,5.172535211267606,1.0140845070422535,1516,2.6690140845070425,36.62,-121.83
4.0801,27,5.126516464471404,1.1351819757365684,1285,2.2270363951473136,37.52,-122.28
1.975,35,4.699346405228758,1.088235294117647,794,2.5947712418300655,34.03,-118.35
2.2687,34,3.642857142857143,1.1387755102040817,804,1.6408163265306122,32.75,-117.16
3.1429,42,4.685344827586207,0.9051724137931034,1304,2.810344827586207,37.34,-121.94
2.8393,41,4.754176611,1.0047732696897376,1006,2.4009546539379474,35.42,-119.05
5.9171,14,6.017241379310345,1.0206896551724138,1710,2.9482758620689653,34.52,-118.35
2.45,21,3.8515625,1.2604166666666667,658,1.7135416666666667,32.78,-117.25
2.8344,20,4.8730407523510975,1.115987460815047,1643,2.5752351097178683,38.79,-123.1
3.5179,25,4.96969697,1.1313131313131313,777,2.6161616161616164,37.98,-122.01
3.7159,52,4.574829931972789,0.9897959183673469,560,1.9047619047619047,37.78,-122.45
9.8074,16,8.789823008849558,1.0685840707964602,1373,3.0376106194690267,33.8,-117.77
2.7143,16,6.385300668151448,1.244988864142539,1203,2.6792873051224944,39.88,-121.75
2.3343,11,4.361046959199384,1.1601231716705158,3422,2.634334103156274,38.47,-121.42
1.7452,24,3.3381147540983607,1.2028688524590163,1012,2.0737704918032787,32.76,-117.06
2.3523,52,5.172839506172839,1.0576131687242798,624,2.567901234567901,36.33,-119.65
4.375,29,5.481389578163772,1.1017369727047146,952,2.3622828784119108,34.2,-118.32
4.55,28,6.037356321839081,0.9683908045977011,1061,3.0488505747126435,33.92,-117.5
2.1458,29,5.848484848484849,1.1717171717171717,218,2.202020202020202,36.18,-120.43
3.2215,8,6.2686711930164885,1.0620756547041708,3213,3.1163918525703203,34.45,-117.27
6.2575,15,7.35546875,0.9921875,893,3.48828125,38.39,-121.37
4.2333,32,4.666666666666667,1.0936936936936936,1132,2.0396396396396397,33.92,-118.41
3.5938,14,6.702479338842975,1.3305785123966942,352,2.909090909090909,39.26,-121.18
3.0536,34,4.620087336244541,1.0043668122270741,1043,4.554585152838428,34.05,-118.04
1.7708,36,3.828358208955224,1.0970149253731343,1316,4.910447761,33.97,-118.25
4.5556,34,5.7100737100737105,0.9901719901719902,2282,2.8034398034398036,37.57,-122.48
6.8336,35,6.935114503816794,1,659,2.515267175572519,37.52,-122.31
3.436,37,5.516826923076923,1.0300480769230769,2920,3.5096153846153846,38.08,-122.22
2.1153,18,4.280898876404494,1.1629213483146068,2030,5.702247191011236,36.34,-120.08
1.6389,44,4.438596491,0.9473684210526315,1296,3.2481203007518795,33.95,-118.26
3.1563,17,6.095384615384615,1.1415384615384616,773,2.3784615384615386,39.34,-123.81
3.3799,6,10.860423232778029,2.0360198108959926,4176,1.880234128770824,33.78,-116.36
2.6899,22,5.400244798041616,1.1321909424724603,3116,3.813953488372093,37.6,-121
2.9208,28,5.415094339622642,1.099056603773585,521,2.457547169811321,36.04,-118.92
1.0398,25,5.465798045602606,1.1954397394136809,971,3.1628664495114007,38.64,-121.44
1.8238,46,2.359517872,1.084788029925187,7443,3.0935162094763093,34.07,-118.3
2.0852,19,3.6046128500823724,1.014827018121911,1304,2.1482701812191105,32.76,-117.11
2.375,52,3.41,1.15,804,2.01,34.43,-119.7
5.9838,21,6.646840148698884,1.029739776951673,1846,3.4312267657992566,33.74,-117.95
2.5164,30,4.456,1.2506666666666666,760,2.026666666666667,36.6,-121.88
2.7372,52,4.443804034582133,1.005763688760807,1424,2.0518731988472623,37.87,-122.27
2.3889,6,6.316614420062696,1.2946708463949843,992,3.109717868338558,36.09,-119.57
11.3176,28,8.082289803220036,1.033989266547406,1489,2.663685152057245,37.38,-122.21
3.9688,17,5.163934426229508,0.9639344262295082,1857,3.044262295081967,38.41,-122.75
2.2417,15,10.51530612244898,2.372448979591837,573,2.923469387755102,38.72,-119.93
3,43,5.916334661354582,1.0756972111553784,653,2.601593625498008,38.44,-121.56
2.5444,35,3.3746223564954683,1.040785498489426,1334,2.015105740181269,34.09,-118.35
3.5978,33,5.976315789473684,1.0236842105263158,1100,2.8947368421052633,34.15,-117.26
2.5033,9,5.012987012987013,1.0506493506493506,2157,2.8012987012987014,36.51,-119.56
1.3329,40,4.28021978,1.0208791208791208,1782,1.9582417582417582,40.58,-122.4
5.2289,41,5.569105691056911,1.146341463414634,266,2.162601626,37.87,-122.25
3.6406,39,3.9328859060402683,0.9753914988814317,892,1.9955257270693512,34.11,-118.17
3.4955,15,3.7094474153297683,0.946524064,1617,2.8823529411764706,33.77,-117.99
3.5568,52,6.090909090909091,1.2818181818181817,268,2.4363636363636365,34.15,-118.09
6.07,52,6.329317269076305,0.9598393574297188,696,2.7951807228915664,34.16,-118.16
3.9375,24,7.662721893491124,1.1952662721893492,1093,3.2337278106508878,34.87,-120.33
1.9528,13,4.231425091,1.1291108404384897,2149,2.617539585870889,37.32,-120.49
3.6696,15,5.141903171953255,1.0300500834724542,1446,2.4140233722871454,38.4,-122.84
5.1755,14,6.386469673,1.0606531881804044,3283,2.552877138413686,37.77,-121.99
4.3176,52,6.251417769376181,1.0453686200378072,1269,2.398865784499055,33.97,-117.39
2.3083,20,5.485776805251641,1.262582056892779,1072,2.3457330415754925,38.96,-122.63
3.5603,52,4.904306220095694,1.0263157894736843,957,2.289473684210526,34.09,-118.25
1.6607,52,2.3333333333333335,0.8817204301075269,531,5.709677419354839,32.71,-117.15
5.2614,24,5.995753715498938,0.9363057324840764,1480,3.142250530785563,32.87,-116.94
3.4784,17,4.510532837670384,1.0285006195786865,3537,4.382899628252788,34.08,-117.98
4.0833,35,4.7898550724637685,0.9299516908212561,1577,3.8091787439613527,37.69,-122.46
3.5469,36,4.283625730994152,1.0614035087719298,1538,4.497076023391813,34.01,-118.09
3.925,14,4.874493927125506,0.9190283400809717,633,2.562753036437247,36.32,-119.34
4.1635,42,3.7222222222222223,0.9869281045751634,1283,4.192810458,33.95,-118.36
4.7841,31,5.975609756097561,1.0886917960088691,1059,2.3481152993348116,33,-117.26
4.8264,36,5.059259259259259,0.8296296296296296,719,2.662962962962963,34.18,-118.56
2.7379,42,4.331125828,0.956953642,950,3.1456953642384105,34.19,-118.38
4.023,35,5.217798594847775,1.0843091334894615,1558,3.648711943793911,33.91,-118.07
4.2263,21,6.5606936416184976,1.0809248554913296,2834,3.276300578034682,33.94,-117.53
4.475,13,5.970893970893971,0.9916839916839917,1607,3.3409563409563408,36.97,-119.85
2.502,33,4.686274509803922,0.9895424836601308,1887,2.466666666666667,39.51,-121.54
4.6125,16,6.109090909090909,1.0363636363636364,1103,4.010909090909091,36.9,-121.71
8.9955,39,6.976228209191759,0.9793977812995246,1616,2.561014263074485,37.44,-122.19
1.7604,32,4.384615384615385,1.1301775147928994,623,3.6863905325443787,32.81,-115.37
7.0059,39,6.681592039800995,1.037313432835821,1094,2.7213930348258706,34.22,-118.22
4.1162,27,6.334224598930481,0.9893048128342246,927,2.478609625668449,32.8,-117.02
3.2813,10,6.030927835051546,1.1597938144329898,537,2.768041237113402,39.16,-121
4.0079,10,7.538853503184713,1.5318471337579618,3811,2.427388535031847,33.73,-116.38
6.0191,8,6.347326732673268,1.0475247524752476,15507,3.0706930693069308,34.03,-117.78
1.8209,29,2.524110671936759,1.1478260869565218,2039,1.6118577075098814,34.1,-118.34
4.3309,28,6.820855614973262,1.0106951871657754,1011,2.7032085561497325,39.75,-121.8
5.1337,13,4.9480519480519485,0.9285714285714286,940,3.051948051948052,38.02,-121.93
3.4318,31,5.199186991869919,1.0406504065040652,1164,2.3658536585365852,32.83,-117.22
2.1542,17,7.045045045045045,1.554054054054054,517,2.328828828828829,41.01,-123.52
10.0765,3,7.674358974358975,1.1,991,2.541025641025641,33.61,-117.59
4.1898,23,5.513097072419106,1.160246533127889,1455,2.241910632,34.26,-119.27
4.1111,36,6.103286384976526,1.0352112676056338,1246,2.924882629107981,34.19,-118.56
3.6,44,6.094086021505376,1.1451612903225807,980,2.6344086021505375,34.15,-118.02
4.7861,34,5.980997624703088,1.0190023752969122,1309,3.1092636579572446,33.91,-118.02
2.9926,9,5.599353796445881,1.0872374798061388,2356,3.8061389337641356,35.65,-120.64
4.2283,36,5.6109422492401215,1.088145896656535,748,2.2735562310030395,34.4,-119.71
3.2083,21,4.1502732240437155,1.0601092896174864,1203,3.2868852459016393,33.87,-117.88
2.5,10,5.381443298969073,1.1168384879725086,785,2.6975945017182132,38.12,-120.55
3.2154,20,4.133444338725024,1.0601807802093244,7450,1.7721217887725975,34.17,-118.52
3.875,33,4.509090909090909,1.084090909090909,1764,4.009090909090909,33.8,-118.22
3.1691,42,3.5300925925925926,1.0555555555555556,1688,3.9074074074074074,34.1,-118.24
2.3026,25,5.543859649122807,1.1578947368421053,613,3.584795321637427,36.59,-120.18
2.3382,38,5.142857142857143,1.1607142857142858,478,4.267857142857143,37.29,-120.32
2.0625,44,4.056022408963585,1.1008403361344539,1066,2.9859943977591037,37.01,-121.57
2.5625,18,3.473529411764706,1.0382352941176471,781,2.2970588235294116,33.81,-117.91
7.7751,13,7.9017632241813605,1.0503778337531486,1318,3.3198992443324937,35.39,-118.94
2.1597,23,4.137345679012346,1.1064814814814814,1279,1.9737654320987654,32.76,-117.12
2.7339,28,4.057239057239057,1.037037037037037,2399,4.038720538720539,33.9,-118.16
3.0625,45,5.242424242424242,0.9603729603729604,944,2.2004662004662006,36.6,-121.9
4.775,14,6.235915492957746,1.0598591549295775,1046,3.683098591549296,32.72,-116.99
1.0516,41,4.275675675675676,1.1243243243243244,1422,3.843243243243243,33.98,-118.29
5.3602,36,8.258064516129032,1,229,2.4623655913978495,37.75,-122.13
5.3369,40,5.709677419354839,0.9946236559139785,998,2.682795698924731,34.15,-118.23
7.3522,26,6.516539440203562,0.9872773536895675,1165,2.964376590330789,37.24,-121.94
7.7006,52,6.607142857142857,1.1071428571428572,150,2.6785714285714284,37.97,-122.62
1.9375,35,4.386252045826514,1.0376432078559739,2188,3.5810147299509003,37.94,-121.28
1.9135,18,5.192028985507246,0.9601449275362319,1092,3.9565217391304346,36.3,-119.21
5.2939,35,6.083146067,1.002247191011236,1224,2.750561797752809,34.24,-118.49
3.9583,52,8.169811320754716,1.3018867924528301,147,2.7735849056603774,34.23,-118.12
3.6682,33,4.609329446,1.0524781341107872,1553,2.2638483965014577,37.34,-121.97
4.5083,42,5.64,0.976,1175,2.35,32.82,-117.27
2.1071,47,3.289473684210526,0.8588516746411483,1512,3.617224880382775,34.13,-118.27
2.7679,23,3.0386784850926674,1.064464141821112,2031,1.6365834004834812,34.04,-118.45
7.5975,16,7.116147309,1.0084985835694051,795,2.2521246458923514,33,-117.24
9.6023,21,8.286652078774617,1.0765864332603938,1246,2.726477024070022,32.79,-117.06
3.6339,30,6.088646967340591,1.0451010886469674,1820,2.8304821150855366,33.98,-116.9
0.9637,29,3.2434210526315788,1.105263157894737,233,1.5328947368421053,37.67,-122.08
3.7988,14,4.180473372781065,1.1005917159763314,744,2.201183431952663,33.69,-117.77
3.1065,48,4.978947368421053,1.0315789473684212,1034,2.176842105263158,37.88,-122.29
1.5227,35,3.036363636363636,1.0909090909090908,267,4.8545454545454545,34,-118.23
3.1364,25,7.626822157434402,1.5947521865889214,581,1.6938775510204083,33.76,-116.57
4.625,15,7.27,1.2033333333333334,1057,3.5233333333333334,34.72,-118.14
4.3839,26,4.718518518518518,1.1981481481481482,1098,2.033333333333333,34.16,-118.46
1.7574,11,4,1.1219512195121952,895,1.9844789356984478,39.42,-123.85
2.8966,29,5.234285714285714,1.0723809523809524,1619,3.083809523809524,38.58,-121.3
2,30,2.7738825591586327,1.1069237510955303,3678,3.223488168273444,34.09,-118.31
4.1513,17,2.567901234567901,1.0666666666666667,669,1.651851851851852,37.61,-122.42
3.855,18,4.770029673590504,1.0474777448071217,2897,2.1491097922848663,34.17,-118.53
2.8698,23,5.475471698113208,1.1018867924528302,1052,3.969811320754717,37.38,-120.73
3.0833,34,3.0764331210191083,0.8343949044585988,291,1.8535031847133758,37.52,-122.26
3.5714,38,4.491176470588235,0.9764705882352941,1303,3.8323529411764707,34.28,-118.45
1.1552,44,4.273381294964029,1.2158273381294964,325,2.338129496402878,36.97,-122.02
2.6036,44,3.9505494505494507,1.0472527472527473,1831,2.012087912087912,37.97,-122.53
3.8864,52,4.997014925373135,1.0328358208955224,734,2.191044776119403,37.74,-122.42
3.3214,33,4.419811320754717,1.0188679245283019,1216,5.735849056603773,34.27,-118.42
1.505,22,5.177514792899408,1.106508875739645,1113,3.2928994082840237,35.86,-119.46
5.8673,16,7.211111111111111,1.0422222222222222,1471,3.2688888888888887,36.36,-119.25
1.7652,52,3.5345211581291758,0.9888641425389755,878,1.955456570155902,37.86,-122.25
3.2303,17,4.783613445378151,0.9642857142857143,1149,2.4138655462184873,39.17,-121.02
3.7198,13,5.692156862745098,1,1844,3.615686274509804,34.13,-117.38
6.2498,19,6.428861788617886,1.0416666666666667,3444,3.5,37.64,-122.45
5.156,23,6.197718631178708,0.9619771863117871,704,2.676806084,35.27,-120.63
8.2335,37,5.098468271334792,0.949671772,846,1.851203501094092,34.11,-118.33
2.9861,33,4.198858230256898,1.0532825880114176,2239,2.1303520456707896,37.7,-122.09
4.5,17,5.986175115207374,0.9723502304147466,825,3.801843318,37.3,-121.83
1.3125,37,3.25,0.967391304,318,3.4565217391304346,34.1,-118.17
4.9191,36,5.874617737003058,1.0061162079510704,969,2.963302752293578,33.94,-118.01
5.4065,34,6.8320610687022905,1.0782442748091603,1694,3.232824427480916,34.28,-118.51
2.625,42,4.7882037533512065,0.9597855227882037,1318,3.5335120643431637,33.91,-118.27
6.0922,7,6.922535211267606,1.0492957746478873,1335,3.1338028169014085,33.08,-117.27
2.1845,39,7.876404494382022,1.4606741573033708,271,3.044943820224719,39.3,-121.96
1.7788,52,4.353697749196141,1.0096463022508038,679,2.1832797427652735,37.96,-121.3
5.0672,14,7.075664621676892,1.018404908,3196,3.2678936605316973,38.27,-122.06
4.0052,35,5.336898395721925,1.0748663101604279,1933,3.445632798573975,34.1,-117.92
4.3039,21,5.034412955465587,1.1599190283400809,1515,3.0668016194331984,33.78,-117.87
1.2532,12,3.456445993031359,1.0696864111498259,1071,1.8658536585365855,34.7,-118.14
4.6838,52,6.146757679180888,1.068259385665529,714,2.4368600682593855,34.08,-118.35
3.5893,14,9.282051282051283,2,88,2.2564102564102564,37.32,-119.51
5.2563,17,10.321167883211679,1.8467153284671534,673,2.4562043795620436,34.24,-117.13
4.412,8,5.548330404217926,0.9824253075571178,1758,3.0896309314586996,38.35,-121.94
2.4234,28,3.0234798314268514,1.053582179409994,2558,1.5400361228175798,37.83,-122.25
1.5517,31,3.110831234256927,0.9748110831234257,816,2.0554156171284634,32.76,-117.09
2.9821,36,5.571428571428571,1.054054054054054,680,2.6254826254826256,35.4,-118.98
6.5044,33,6.767241379310345,1.0043103448275863,1214,2.6163793103448274,34.01,-118.36
3.7454,30,4.367170626349892,1.1274298056155507,1196,2.5831533477321815,33.78,-117.87
2.2917,29,7.257142857142857,1.2428571428571429,481,3.4357142857142855,36.05,-119.27
3.6619,17,4.885875706214689,0.9649717514124294,1656,1.8711864406779661,37.4,-122
2.8594,22,4.715214564369311,1.071521456436931,1800,2.340702210663199,32.76,-117.01
3.4375,30,4.290322580645161,0.964157706,695,2.4910394265232974,37.69,-122.12
6.828,36,6.109375,1.015625,348,2.71875,37.38,-122.08
4.2304,17,5.909090909090909,0.9343434343434344,1174,2.9646464646464645,36.85,-119.81
5.1333,43,5.335968379446641,1.007905138339921,1146,2.2648221343873516,33.97,-118.39
2.4167,39,5.7331786542923435,1.0672853828306264,1118,2.593967517401392,36.79,-119.81
3.5684,7,4.670715249662618,1.1592442645074224,1518,2.048582995951417,38.03,-121.36
2.6765,26,5.415349887133183,1.1693002257336342,1037,2.340857787810384,40.26,-120.2
1.5132,28,2.567219152854512,1.0718232044198894,716,1.3186003683241252,34.02,-118.49
7.5755,20,6.3509933774834435,1.0066225165562914,798,2.642384105960265,37.1,-121.87
3.0769,52,5.119047619047619,1.1857142857142857,519,2.4714285714285715,38.23,-122.64
3.0139,18,6.46875,1.376953125,1251,2.443359375,34.14,-116.15
4.7788,31,6.422932330827067,1.0018796992481203,1245,2.3402255639097747,32.79,-117.2
2.2244,36,3.2302631578947367,1.1239035087719298,2542,2.787280701754386,34.13,-118.25
4.7386,21,5.7405405405405405,0.9675675675675676,631,3.4108108108108106,37.16,-121.72
3.6053,34,6.029227557411273,1.0354906054279749,1168,2.4384133611691023,38.61,-121.38
1.625,18,6.028268551236749,1.4028268551236749,3424,12.098939929328623,33.54,-115.22
5.7934,27,7.250505051,1.0242424242424242,1484,2.997979797979798,33.78,-117.81
6.1437,17,9.252155172413794,1.5344827586206897,1091,2.351293103448276,33.78,-116.43
4.7083,28,5.8,1.0321428571428573,755,2.6964285714285716,33.88,-118
5.2134,13,7.564102564102564,1.0897435897435896,1055,3.3814102564102564,36.36,-119.64
3.2121,42,4.171957671957672,1.0026455026455026,1317,3.484126984126984,34.1,-118.19
4.3261,36,5.606557377,0.9929742388758782,1490,3.489461358313817,34.21,-118.52
2.5842,7,4.977832512315271,1.0862068965517242,1615,3.977832512315271,38.03,-121.29
15.0001,17,8.520376176,1.0219435736677116,1011,3.169278996865204,32.99,-117.23
5.9897,8,6.125,0.9435483870967742,711,2.8669354838709675,36.85,-119.77
2.3571,23,6.489499192245558,1.2794830371567043,1634,2.639741518578352,41.7,-122.92
3.1523,36,4.980842911877395,1.1647509578544062,688,2.636015325670498,34.25,-118.3
2.629,38,3.905683192261185,1.0157194679564692,3485,4.214026602176542,34.06,-118.09
5.1017,17,5.895104895104895,0.986013986,1756,4.093240093240094,37.35,-121.8
1.9659,6,4.795454545454546,1.1590909090909092,125,2.840909090909091,33.72,-117.7
2.625,21,4.801204819277109,0.9759036144578314,484,2.9156626506024095,34.03,-117.98
4.6406,34,5.0424528301886795,1.0235849056603774,601,2.8349056603773586,33.87,-118.34
3.1607,37,4.523985239852398,0.94095941,1068,3.940959409594096,33.98,-118.09
1.6757,34,6.540094339622642,1.6014150943396226,1066,2.5141509433962264,41.26,-123.08
6.6354,41,6.3893280632411065,1.0671936758893281,1251,2.472332015810277,37.45,-122.13
2.375,33,4.378612716763006,1.199421965317919,1345,3.887283237,34.09,-118.16
1.8205,42,4.436781609195402,0.9865900383141762,1597,3.0593869731800765,38.52,-121.47
4.4609,15,6.129496402877698,1.1079136690647482,2007,2.887769784172662,34.12,-117.77
1.3708,8,3.8895705521472395,1.030674846625767,1237,3.794478527607362,39.53,-122.23
1.5957,18,6.327586206896552,1.5593869731800767,986,1.8888888888888888,35.7,-118.5
4.1442,22,5.493464052287582,1.0294117647058822,1471,2.403594771,32.66,-117.04
2.1108,44,3.8101604278074865,1.1711229946524064,1121,2.9973262032085564,34.08,-118.25
1.9444,23,4.285539215686274,1.0870098039215685,2467,3.0232843137254903,37.61,-120.96
3.6853,32,4.946902654867257,1.0442477876106195,1021,3.0117994100294987,34.12,-117.21
4.0658,44,4.523456790123457,0.9901234567901235,1056,2.6074074074074076,33.87,-118.18
3.6429,28,5.249180327868852,1.0098360655737706,848,2.780327868852459,38.69,-121.41
4.0432,29,5.431415929,0.963495575,3438,3.8030973451327434,36.58,-121.88
2.5898,43,5.425974025974026,1.0363636363636364,955,2.4805194805194803,38.52,-121.43
1.6178,21,3.487562189054726,1.2056384742951907,1064,1.7645107794361525,33.77,-118.19
4.0625,35,4.794466403162056,1.1225296442687747,742,2.932806324110672,33.93,-118.34
2.9094,39,4.017045454545454,1.0965909090909092,1991,3.7708333333333335,33.95,-118.18
4.8929,21,6.415730337078652,1.0112359550561798,999,2.806179775280899,33.2,-117.23
1.9265,29,11.415929203539823,2.327433628318584,323,2.8584070796460175,34.24,-117.32
3.5547,31,5.552238805970149,1.0149253731343284,479,7.149253731343284,35.95,-121.32
2.7333,44,5.3567073170731705,1.0884146341463414,1509,2.3003048780487805,38.55,-121.43
3.25,35,5.902584493,1.0357852882703777,1555,3.091451292246521,34.11,-117.36
2.8654,52,5.342465753424658,1.203957382039574,1703,2.592085235920852,37.78,-122.44
1.9125,36,3.332720588235294,1.0294117647058822,1501,2.7591911764705883,34.14,-118.24
1.3811,21,8.579212916246217,2.6579212916246218,2330,2.3511604439959637,34.45,-116.51
3.0273,12,4.706422018348624,1.0403669724770641,1785,3.2752293577981653,32.58,-117.09
6.4265,16,6.909565217391305,1.0347826086956522,1971,3.4278260869565216,33.87,-117.76
3.06,27,5.820960698689956,1.0043668122270741,730,3.1877729257641922,37.33,-121.03
2.16,39,3.7088607594936707,1.018987341772152,606,1.9177215189873418,34.42,-119.71
1.4648,28,6.330708661417323,1.610236220472441,567,2.232283464566929,32.64,-116.2
5.6047,34,5.369565217391305,0.9402173913043478,759,4.125,33.81,-117.92
4.6547,52,4.5673400673400675,1.0505050505050506,1370,2.3063973063973062,37.74,-122.42
5.8151,6,6.402616279069767,1.0421511627906976,2071,3.010174418604651,37.58,-122
4.2,35,4.498207885,0.9032258064516129,685,2.4551971326164876,33.86,-118.11
12.4429,30,8.267326732673267,1.0841584158415842,606,3,32.86,-117.25
4.8603,16,6.790155440414508,1.077720207253886,1247,3.2305699481865284,38.24,-122.6
2.9293,52,4.084905660377358,1.0943396226415094,1067,2.013207547169811,37.78,-122.46
5.4607,28,6.122913505311077,0.9726858877086495,1881,2.8543247344461307,37.99,-122
3.0368,25,4.948453608247423,0.979381443,1434,3.695876288659794,34.97,-120.45
3.3942,4,5.412186379928316,1.2783751493428912,1804,2.155316607,36.81,-119.86
5.62,36,6.228571428571429,1.0317460317460319,786,2.4952380952380953,33.81,-118.1
8.6001,15,7.138702460850112,1.0782997762863535,930,2.0805369127516777,33.61,-117.86
2.875,37,3.6601340897369776,1.036616812790098,2913,1.5023207839092316,34.1,-118.36
2.3654,14,4.931623931623932,1.150997150997151,1269,3.6153846153846154,33.89,-117.58
2.8448,31,4.356807511737089,0.9976525821596244,795,1.8661971830985915,34.15,-118.43
2.5368,35,6.210784314,1.0392156862745099,710,3.480392156862745,32.8,-117.14
4.0481,7,22.22826086956522,3.891304347826087,245,2.6630434782608696,39.36,-120.23
1.7206,27,4.505154639175258,1.1134020618556701,469,4.835051546391752,34.05,-117.75
3.6667,3,3.104575163398693,1.0130718954248366,236,1.542483660130719,33.98,-118.42
4.38,40,5.8164794007490634,0.947565543,724,2.7116104868913857,37.68,-122.12
3.125,10,21.095238095238095,5.285714285714286,48,2.2857142857142856,36.19,-118.37
7.9059,38,6.5479452054794525,1.0639269406392695,1098,2.506849315068493,33.9,-118.4
4.7946,52,5.010964912280702,1.1162280701754386,839,1.8399122807017543,37.75,-122.43
2.6618,10,6.204081632653061,1.2551020408163265,1403,2.045189504373178,34.1,-116.32
2.525,9,5.839869281045751,1.1339869281045751,806,2.633986928104575,38.38,-120.72
5.5955,18,5.881266490765172,0.978891821,1283,3.3852242744063323,34.28,-118.72
5.0827,18,5.503731343283582,0.996268657,1149,4.287313432835821,32.68,-117.07
4.9103,4,5.502212389380531,0.9734513274336283,1545,3.418141592920354,38.25,-121.98
2.3664,20,3.685121107266436,1.1314878892733564,1870,3.235294117647059,34.07,-118.13
4.5375,18,6.757894736842105,1.0157894736842106,621,3.268421052631579,36.72,-119.59
2.4183,7,4.582926829268293,1.0829268292682928,1065,2.597560975609756,39.16,-121.63
6.1873,35,5.348432055749129,0.9860627177700348,816,2.843205574912892,34.24,-118.26
3.5313,36,5.026266416510319,1.0281425891181988,1605,3.0112570356472794,34.1,-118.08
5.7115,16,6.177419355,0.967741935,679,2.7379032258064515,33.69,-117.79
4.0862,44,5.295373665480427,0.9217081850533808,667,2.373665480427046,32.74,-117.24
3.5046,18,5.634812287,1.0546075085324231,856,2.9215017064846416,39.75,-121.86
1.8419,18,6.946268656716418,1.9164179104477612,799,2.3850746268656717,35.74,-118.31
3,36,5.210659898477157,0.9796954314720813,1023,2.5964467005076144,33.91,-118.12
1.9441,18,4.157051282051282,1.080128205128205,610,1.955128205128205,38.51,-122.45
5.8642,36,7.388349514563107,1.116504854368932,677,3.2864077669902914,37.04,-121.93
3.691,30,4.975609756097561,1,989,3.445993031358885,37.86,-121.61
9.5245,23,7.607187112763321,1.023543990086741,2036,2.522924411400248,32.82,-117.25
5.4562,28,6.547445255474453,0.9737226277372263,2048,2.989781022,33.78,-117.82
1.9257,27,4.203036053,1.096774193548387,1544,2.9297912713472485,34.65,-120.45
4.125,29,5.2642642642642645,1.027027027027027,1318,3.957957957957958,34.23,-118.54
3.7014,32,4.957746478873239,1.0809859154929577,1331,4.686619718309859,33.82,-117.91
3.3542,44,5.7215189873417724,1.1139240506329113,358,2.2658227848101267,34.03,-118.42
2.811,15,6.485013623978202,1.1866485013623977,2459,3.3501362397820165,35.56,-120.29
2.2059,35,2.7484909456740443,0.9979879275653923,2160,4.346076458752515,33.98,-118.23
3.3447,20,5.219810040705563,0.9864314789687924,1725,2.340569877883311,37,-121.96
1.3417,33,4.421800947867299,1.037914691943128,838,3.971563981042654,34.12,-117.33
4.1372,33,4.911202186,1.0724043715846994,1621,2.2144808743169397,33.66,-117.89
1.7701,26,2.666082383873795,1.098159509202454,4812,4.217353198948291,33.78,-118.18
6.0198,16,7.344262295081967,0.9836065573770492,1221,4.003278689,37.23,-121.79
3.1029,18,4.945454545454545,1.112121212121212,769,2.33030303,39.16,-121.57
4.8542,36,4.365979381443299,0.9536082474226805,713,3.6752577319587627,33.92,-118.09
1.1645,44,5.151943462897527,1.1519434628975265,1159,4.095406360424028,33.99,-118.3
2.7083,19,6.475,1.35,216,2.7,40.34,-123.48
3.7054,28,4.1200923787528865,1.0161662817551964,1255,2.8983833718244805,33.87,-117.97
1.9706,41,3.891992551210428,0.9869646182495344,2043,3.804469273743017,34.09,-118.19
1.2094,21,3.1817116060961315,1.032825322391559,1549,1.8159437280187574,33.96,-118.35
2.525,26,3.3160377358490565,0.9528301886792453,757,3.5707547169811322,33.87,-118.2
12.3411,4,7.472103004291846,0.9656652360515021,811,3.480686695,33.64,-117.81
2.5787,35,4.146622735,1.0906095551894563,1883,3.102141680395387,34.08,-118.13
5.449,16,6.822764227642277,1.0373983739837398,1713,2.7853658536585364,38.5,-122.75
2.2917,44,3.514018691588785,0.8130841121495327,273,2.5514018691588785,34.09,-117.28
1.9375,22,4.984517304189436,1.1238615664845173,2581,2.3506375227686704,34.07,-116.47
3.75,52,5.024793388429752,1.0688705234159779,799,2.201101928374656,37.77,-122.46
4.9766,10,6.887147335423197,1.031347962382445,1064,3.335423197492163,34.87,-120.4
3.449,27,3.7245053272450535,1.095890410958904,2104,3.202435312024353,37.69,-122.47
4.5417,45,6.395017793594306,1.0782918149466192,870,3.096085409252669,37.19,-121.8
3.3438,34,5.057239057239057,0.9494949494949495,860,2.8956228956228958,38.36,-122
5.1857,18,6.274074074074074,1.0222222222222221,1276,3.1506172839506172,38.8,-121.18
3.2437,44,4.996138996138996,1.0386100386100385,645,2.4903474903474905,36.96,-122.04
1.3302,38,4.379581152,1.044502617801047,1116,2.9214659685863875,38.63,-121.44
3.5313,36,5.092409240924092,0.9801980198019802,1355,4.471947194719472,34.09,-117.73
2.5463,32,3.8526315789473684,1.068421052631579,693,1.8236842105263158,34.21,-118.23
4.2554,50,6.365384615384615,0.9846153846153847,672,2.5846153846153848,34.02,-118.32
5.7528,27,6.437357630979498,1.0273348519362187,1259,2.867881548974943,37.32,-122.04
2.7434,37,4.801204819277109,1.144578313253012,485,2.9216867469879517,33.89,-118.22
2.7201,17,5.626118067978533,1.110912343470483,1432,2.5617173524150267,38.75,-120.63
4.4732,29,5.482978723404256,0.9468085106382979,1849,3.9340425531914893,33.77,-117.89
7.8195,16,8.602348993,1.058724832214765,2142,3.5939597315436242,33.7,-117.98
5.2185,16,11.028571428571428,2.0095238095238095,853,2.707936507936508,34.24,-117.28
2.1603,28,4.808172531214529,0.9954597048808173,2008,2.279228149829739,38.74,-120.78
1.8971,41,5.261333333333333,1.064,1107,2.952,36.76,-119.82
5.3674,26,6.875722543352601,0.9710982658959537,988,2.8554913294797686,33.65,-117.97
3.875,38,5.340101522842639,1.0380710659898478,1039,2.6370558375634516,37.67,-122.07
1.7813,33,4.356435643564357,1,1048,3.458745874587459,39.13,-123.16
7.3644,16,7.025134649910234,1.014362657091562,1752,3.1454219030520645,37.54,-122.27
4.2149,42,4.933806146572104,0.95035461,1342,3.172576832,37.36,-121.88
5.0473,5,5.371508379888268,1.0977653631284916,2053,2.867318436,38.02,-122.26
2.4286,23,4.14,0.9,171,3.42,36.18,-119.63
10.7397,46,7.460992907801418,1.016548463356974,1109,2.6217494089834514,34.12,-118.13
3.125,16,6.815789473684211,1.394736842105263,131,3.4473684210526314,35.91,-120
4.7986,24,5.701227830832196,1.0695770804911324,1902,2.5948158253751705,33.79,-117.94
5.0507,14,6.6567901234567906,1.0135802469135802,2350,2.9012345679012346,33.38,-117.2
2.1154,8,4.288659793814433,1.2474226804123711,936,9.649484536082474,35.47,-120.64
2.1792,18,4.559766763848397,0.9912536443148688,1161,3.3848396501457727,32.79,-115.69
2.8654,44,4.520179372197309,1,544,2.4394618834080717,34.04,-118.32
6.1601,26,6.395408163265306,1.0025510204081634,1333,3.4005102040816326,33.67,-117.9
2.4167,37,5.333333333333333,1.2028985507246377,564,4.086956521739131,35.85,-119.12
3.625,52,2.2222222222222223,0.4444444444444444,74,8.222222222222221,38.51,-121.47
2.3,23,4.305699481865285,0.9766839378238342,1318,3.4145077720207255,32.58,-117.1
2.1468,33,3.2033898305084745,1.0593220338983051,1615,4.562146892655368,33.99,-118.2
7.9367,23,9.176811594,1.191304347826087,1092,3.1652173913043478,33.62,-117.86
3.3125,42,4.890675241157556,1.0289389067524115,1118,3.594855305466238,34.18,-118.15
2.1764,24,4.407365439093485,1.0396600566572238,3996,2.2640226628895186,34.02,-117.51
0.536,26,7.846153846153846,1.3076923076923077,43,3.3076923076923075,38.7,-122.52
4.2222,45,5.740853658536586,1.2774390243902438,653,1.9908536585365855,33.61,-117.89
2.5042,52,4.7633744855967075,1.1440329218106995,1113,2.2901234567901234,38.1,-122.25
1.756,33,5.309322033898305,1.0084745762711864,753,3.190677966101695,38.15,-122.23
3.6875,36,5.861940298507463,1.0597014925373134,1001,3.735074626865672,32.69,-117.08
3.7679,10,5.313725490196078,0.9915966386554622,1353,3.7899159663865545,34.97,-120.45
5.3735,22,7.237569060773481,1.0939226519337018,1324,3.657458563535912,33.91,-117.57
5.6533,35,5.209923664122138,0.9770992366412213,662,2.5267175572519083,37.37,-122.05
8.0639,35,8.022598870056497,1.0903954802259888,469,2.6497175141242937,32.83,-117.27
5.1032,18,3.726651480637813,0.9430523917995444,853,1.9430523917995444,37.45,-122.19
2.6103,44,4.0673400673400675,1.202020202020202,603,2.0303030303030303,34.41,-119.69
4.6793,14,5.833333333333333,1.12,852,2.84,33.68,-117.78
1.9417,32,7.647058823529412,2.2406417112299466,434,2.320855614973262,40.28,-124.25
0.9204,43,4.1645569620253164,1.0126582278481013,1253,5.286919831223629,38.59,-121.48
4.1146,41,4.938997821350762,1.0588235294117647,1045,2.2766884531590414,37.68,-122.4
2.5694,44,5.109343936,1.0119284294234592,1145,2.2763419483101393,38.54,-121.44
2.825,27,5.339882121807466,1.1453831041257367,1472,2.8919449901768175,34.91,-117.03
8.6963,33,5.926199262,0.9372693726937269,727,2.6826568265682655,37.43,-122.21
3.32,40,4.548821548821548,1.1111111111111112,701,2.3602693602693603,37.56,-122.31
7.457,30,6.759595959595959,0.9838383838383838,1296,2.618181818181818,34.16,-118.63
3.1441,33,4.827285921625545,1.0449927431059507,2533,3.676342525399129,33.9,-118.09
3.0139,43,5.917582417582418,1.0934065934065933,447,2.456043956043956,38.62,-121.37
4.8516,13,6.150141643,0.9603399433427762,951,2.6940509915014164,40.75,-124.17
4.4844,31,5.945205479452055,0.9486301369863014,801,2.743150684931507,33.2,-117.22
2.8728,8,3.7091503267973858,1.0468409586056644,1742,1.897603486,32.91,-117.12
5.806,16,6.872516556291391,1.054635761589404,1558,2.5794701986754967,33.85,-117.8
4,35,4.938095238095238,0.9857142857142858,552,2.6285714285714286,37.71,-122.12
3.0444,36,4.559748427672956,1.0817610062893082,1087,2.2788259958071277,38.46,-122.71
5.9585,14,7.2727272727272725,1.0616883116883118,1030,3.344155844155844,39.18,-123.17
1.2275,38,4.04679803,1.2044334975369457,1196,2.9458128078817736,34.53,-117.3
5.6426,35,6.745945945945946,1.1135135135135135,551,2.9783783783783786,33.85,-118.35
2.5574,32,5.830927835051546,1.1463917525773195,1655,3.4123711340206184,38.52,-121.42
1.3971,37,4.642857142857143,1.0942857142857143,1243,3.5514285714285716,33.96,-118.26
3.3937,52,4.095724907063197,1.1078066914498141,2280,2.1189591078066914,37.76,-122.42
4.8984,8,5.023255813953488,0.9069767441860465,626,3.639534884,32.56,-117.09
6.8588,3,8.640701071080818,1.2677702044790653,3191,3.107108081791626,33.64,-117.49
3.125,23,6.375796178343949,1.2420382165605095,369,2.3503184713375798,38.51,-120.8
4.6111,45,5.355437665782493,1.0450928381962865,1549,4.108753315649867,33.84,-117.92
3.7904,15,6.109813084112149,1.1331775700934579,1063,2.4836448598130842,38.79,-121.24
5.9053,16,6.577464788732394,1.0035211267605635,995,3.5035211267605635,37.26,-121.8
6.2464,4,6.461855670103093,1.0391752577319588,1599,3.296907216494845,33.65,-117.6
2.0057,34,3.977722772277228,1.1126237623762376,3086,3.8193069306930694,33.97,-118.18
5.3272,46,5.748995983935743,1.0301204819277108,1412,2.8353413654618476,34.16,-118.1
5.4359,25,6.613095238095238,1.0138888888888888,1671,3.3154761904761907,37.51,-121.97
3.5426,26,5.301321585903084,1.096035242290749,2673,2.3550660792951543,33.66,-117.88
1.9657,13,4.187035069075452,1.0584484590860785,4749,2.5233793836344316,38.48,-121.42
15.0001,33,7.446511627906977,1.0372093023255815,629,2.925581395348837,37.43,-122.27
4.0052,30,4.2377358490566035,1.0364779874213836,2032,2.5559748427672955,34.13,-118.2
2.5083,21,4.604784688995215,1.0688995215311006,1985,1.8995215311004785,38.75,-121.27
2.35,15,6.337175792507205,1.3054755043227666,899,2.590778097982709,37.7,-118.45
3.0396,16,4.837563452,1.1302876480541455,1946,3.292724196277496,34.03,-117.68
2.9167,25,3.5666251556662516,1.0510585305105853,1745,2.1731008717310085,34.14,-118.23
4.5469,52,4.181132075471698,0.9924528301886792,940,1.7735849056603774,33.76,-118.13
4.3173,46,5.491803278688525,1.0608899297423888,1031,2.414519906323185,34.16,-118.32
6.0959,3,5.5305867665418225,1.0499375780274656,2559,3.194756554307116,37.37,-121.88
1.9811,16,6.10472973,1.1689189189189189,587,1.9831081081081081,34.19,-118.96
6.3716,30,5.510416666666667,0.9625,1506,3.1375,37.33,-121.98
4.8295,44,6.0583941605839415,1.0462287104622872,1305,3.1751824817518246,33.95,-118.31
2.9315,46,5.1352657004830915,0.9879227053140096,1292,3.1207729468599035,33.98,-118.34
6.6897,22,7.408783783783784,1.0016891891891893,1915,3.2347972972972974,33.89,-117.86
1.5898,35,4.176678445229682,1.0777385159010602,977,3.452296819787986,33.95,-118.3
3.2792,40,4.452975047984645,1.0786948176583493,1499,2.8771593090211134,37.76,-122.51
1.3304,28,5.6453900709219855,1.0780141843971631,962,3.4113475177304964,36.7,-119.8
7.2211,23,7.557077625570776,1.0182648401826484,706,3.223744292237443,37.68,-121.92
2.7344,18,7.085158150851582,1.6131386861313868,999,2.4306569343065694,38.42,-120.42
1.4821,20,6.36,1.8488888888888888,570,2.533333333333333,36.57,-118.65
10.3048,36,8.134920634920634,1.1904761904761905,316,2.507936507936508,33.61,-117.92
1.3527,41,3.7114093959731544,1.0425055928411633,1391,3.111856823266219,36.75,-119.8
4.4209,33,5.709864603481625,1.0928433268858802,1264,2.4448742746615086,36.49,-121.74
4.4286,44,5.013179571663921,1.0197693574958815,1316,2.1680395387149916,33.84,-118.14
5.3002,8,6.687022900763359,1.089058524173028,1158,2.946564885496183,37.98,-121.34
5.0947,12,6.765853658536585,1.1886178861788619,1609,2.616260162601626,35.48,-120.56
15.0001,46,6,0.8,13,2.6,37.5,-122.14
1.8208,19,5.426997245179064,1.187327824,1166,3.212121212121212,41.09,-123.72
5.7321,18,6.814953271028037,0.9981308411214953,1651,3.085981308411215,37.99,-121.79
2.4706,31,4.156593406593407,1.0686813186813187,1396,3.8351648351648353,34.06,-118.03
0.9797,32,4.843283582089552,1.3544776119402986,716,2.671641791044776,37.95,-122.37
7.745,4,7.508064516129032,1.1733870967741935,685,2.7620967741935485,33.1,-117.23
6.8879,44,8.717171717171718,1.1515151515151516,281,2.8383838383838382,37.47,-122.28
2.1139,40,4.343195266,1.0828402366863905,2024,2.9940828402366866,34.07,-117.31
2.5208,31,5.891156462585034,1.129251700680272,979,3.3299319727891157,36.54,-119.83
2.2883,33,3.9787472035794185,1,2659,2.9742729306487696,38.14,-121.27
5.4617,17,5.487850467,1.0373831775700935,1381,2.581308411214953,33.92,-117.89
5.716,4,5.506923540036123,1.0999397953040337,3950,2.3780854906682722,34.25,-118.81
1.7734,43,4.523809523809524,1.1428571428571428,2133,3.627551020408163,33.97,-118.29
6.4978,27,6.718328840970351,0.9582210242587601,1928,2.5983827493261455,38.02,-122.55
4.7344,37,5.136125654450262,0.9607329842931938,1267,3.316753926701571,37.56,-122.3
3.1719,14,4.590782122905028,1.1075418994413408,1601,2.2360335195530725,37.95,-122.03
2.1378,39,3.7617834394904457,1.1184713375796178,1379,1.756687898089172,33.77,-118.17
2.7268,30,4.1969072164948455,1.1,2144,2.2103092783505156,33.85,-118.15
3.6477,15,8.334951456,1.6310679611650485,501,2.4320388349514563,40.3,-121.09
6.6888,36,6.482213438735178,0.9446640316205533,693,2.739130434782609,34.16,-118.03
2.2031,22,3.8241469816272966,1.0078740157480315,2962,3.8871391076115485,37.35,-121.84
4.8371,17,6.087053571428571,1.03125,1691,3.7745535714285716,33.98,-117.49
3.5547,34,5.051971326164875,1.0913978494623655,1718,3.078853046594982,34.06,-117.92
9.2327,19,8.118279569892474,1.014336917562724,904,3.240143369175627,33.88,-117.81
4.7188,36,6.008333333333334,1.0194444444444444,915,2.5416666666666665,32.8,-117.09
2.1667,11,5.5285714285714285,1.119047619047619,640,3.0476190476190474,33.72,-117.28
5.5395,14,6.256578947368421,1.111842105263158,848,2.789473684210526,33.46,-117.34
5.6912,22,6.571251548946716,1.0384138785625774,2372,2.939281288723668,34.26,-118.54
2.8542,52,5.457831325301205,0.9939759036144579,257,1.5481927710843373,38.56,-121.44
4.2564,25,5.592105263157895,1.0855263157894737,4528,4.2556390977443606,33.79,-117.81
4.6861,16,5.494262295081967,1.0549180327868852,7030,2.8811475409836067,34.44,-118.45
1.625,52,3.8380952380952382,1.1142857142857143,361,3.4380952380952383,34.14,-118.15
2.2725,39,3.4210526315789473,1.024561403508772,723,2.536842105263158,34.05,-118.34
3.2857,21,3.945827232796486,1.0351390922401171,1888,2.7642752562225477,33.79,-117.99
3.1621,6,3.939516129032258,1.0766129032258065,1584,3.193548387096774,34.09,-117.96
3.5962,15,5.923503325942351,1.1108647450110865,2503,2.7749445676274944,40.5,-120.67
3.4107,33,5.954022988505747,1.0402298850574712,620,3.5632183908045976,36.64,-119.63
5.6022,31,6.219712525667351,1.0266940451745379,1236,2.537987679671458,38.04,-122.2
4.1951,32,5.169977924944813,1.2582781456953642,1445,3.1898454746136866,33.77,-117.89
2.593,22,3.6056105610561056,1.028052805280528,1644,2.712871287128713,33.97,-118.03
1.8393,18,2.0904255319148937,1.0053191489361701,429,2.2819148936170213,33.75,-118.28
3.6346,22,6.052132701421801,1.0592417061611374,1147,2.7180094786729856,33.19,-117.23
6.1655,52,7.072727272727272,1.0654545454545454,708,2.5745454545454547,37.44,-122.15
2.9301,33,5.472154963680388,1.0653753026634383,966,2.3389830508474576,36.79,-119.78
3.609,50,4.787878787878788,0.977961433,837,2.3057851239669422,38.01,-122.12
3.4211,34,4.882716049382716,1.058641975308642,1356,4.185185185185185,33.91,-118.09
4.7813,35,4.678861788617886,1.008130081300813,809,3.2886178861788617,33.9,-118.1
4.2396,4,5.197530864197531,1.058641975308642,920,2.8395061728395063,36.35,-119.63
2.5795,42,3.933333333333333,1.1333333333333333,54,1.8,38.03,-122.14
2.8269,34,4.285266457680251,1.031347962382445,796,2.4952978056426334,35.5,-119.27
5.2375,6,7.450549450549451,1.1428571428571428,318,3.4945054945054945,38,-122.26
2.3506,50,4.878411910669975,1.0248138957816377,985,2.444168734491315,34.95,-120.43
3.6453,32,5.278532608695652,1.03125,2504,3.402173913043478,34.37,-119.06
3.3005,12,5.920187793,1.0985915492957747,1970,3.082942097026604,40.39,-122.37
3.7852,37,7.3,1.3966666666666667,490,1.6333333333333333,36.55,-121.92
6.3308,33,7.183385579937304,1.0156739811912225,1760,2.7586206896551726,34.03,-117.17
4.05,34,4.191489361702128,0.9361702127659575,152,3.234042553191489,37.33,-121.9
2.7036,24,3.8568665377176017,1.0618955512572534,2909,2.8133462282398454,34.08,-118.14
3.9375,35,5.465240642,0.9786096256684492,628,3.358288770053476,34.06,-117.93
1.4663,38,3.810725552050473,1.0126182965299684,1225,3.864353312302839,34.11,-117.31
3.016,31,4.459459459,1.0675675675675675,2181,2.9472972972972973,37.65,-122.07
2.6781,33,3.9130434782608696,1.1358695652173914,1416,1.923913043478261,34.05,-118.35
0.6775,52,1.7482866043613707,1.2112149532710281,2232,1.3906542056074767,34.05,-118.25
2.875,46,0.8461538461538461,0.8461538461538461,24,1.8461538461538463,34.28,-118.44
0.8641,37,4.074712643678161,1.0919540229885059,644,3.7011494252873565,37.93,-122.37
3.225,37,5.139841688654354,1.042216359,1163,3.0686015831134563,33.96,-118.04
4.2098,21,5.185425101214575,0.9975708502024292,6047,4.896356275303644,37.34,-121.83
3.2174,17,6.756521739130434,1.0521739130434782,553,2.4043478260869566,39.49,-121.47
3.7813,37,5.0227272727272725,0.9621212121212122,293,2.2196969696969697,37.34,-121.96
3.226,52,5.372469635627531,0.9473684210526315,1157,2.3421052631578947,37.96,-121.31
3.455,48,5.8830188679245285,1.058490566037736,1275,2.4056603773584904,38.45,-122.71
7.8575,26,7.364754098360656,1,626,2.5655737704918034,37.29,-121.9
3.1771,17,6.3806584362139915,1.125514403292181,1410,2.9012345679012346,32.74,-116.99
3.7202,30,4.802536231884058,1.036231884057971,3249,5.885869565217392,33.73,-117.86
3.9345,41,5.663194444444445,0.9791666666666666,752,2.611111111111111,38.03,-122.26
5.5196,46,5.400568181818182,0.8380681818181818,833,2.366477272727273,37.94,-122.32
0.9614,28,5.3,1.0142857142857142,171,2.442857142857143,37.9,-121.28
4.5694,28,6.219512195121951,1.0304878048780488,504,3.073170731707317,38.38,-122.33
3.4896,9,5.9620596205962055,1.1436314363143631,938,2.5420054200542004,38.68,-121.2
5.2128,52,5.862934362934363,0.9961389961389961,1242,2.3976833976833976,37.76,-122.23
3.4028,18,5.845132743362832,1.2035398230088497,754,3.336283185840708,35.55,-115.93
3.2021,45,5.281437125748503,1.2005988023952097,679,2.032934131736527,33.99,-118.35
4.2802,14,6.325670498084291,1.0689655172413792,633,2.425287356321839,39.04,-121.06
3.2969,37,5.030973451327434,0.8982300884955752,672,2.9734513274336285,34.08,-117.95
3.39,5,5.195895522,1.0764925373134329,1310,2.4440298507462686,34.04,-117.31
3.9054,14,4.088397790055248,1.0441988950276244,1681,1.8574585635359115,34.16,-118.25
3.2222,24,3.836236933797909,1.108013937,491,1.710801393728223,34.03,-118.4
2.8631,30,4.427135678,1.0452261306532664,940,2.3618090452261304,34.16,-118.12
5.2937,17,5.328903654,1.0249169435215948,2286,3.797342193,37.41,-121.96
3.4107,29,4.256756756756757,0.9797297297297297,378,2.554054054054054,34.13,-117.86
5.033,36,5.332432432432433,0.9513513513513514,1169,3.1594594594594594,37.57,-122.3
4.1379,42,4.828767123287672,1.0547945205479452,624,2.136986301369863,38.03,-122.7
2.5902,17,4.307913669064749,1.1971223021582733,1571,2.260431654676259,34.68,-118.16
3.93,52,4.781578947368421,1.181578947368421,948,2.4947368421052634,37.76,-122.46
4.5625,42,6.962962962962963,1.1851851851851851,220,2.7160493827160495,34.17,-118.85
3.0833,44,5.116704805491991,0.9405034324942791,1036,2.3707093821510297,35.29,-120.67
2.8793,42,5.062730627306273,1.014760147601476,674,2.4870848708487086,34.05,-118.36
5.6358,29,6.2837684449489215,0.978433598,2651,3.0090805902383657,37.27,-121.92
2.1062,26,3.6942148760330578,1.0764462809917354,2582,5.3347107438016526,34.26,-118.42
2.6316,34,5.4120603015075375,1.2914572864321607,478,2.4020100502512562,34.14,-118.02
1.6821,18,4.935698448,1.0864745011086474,859,1.9046563192904655,40.57,-122.35
8.7471,20,7.683087027914614,1,1945,3.193760263,34.25,-118.57
4.559,23,6.556213017751479,1.1183431952662721,1006,2.9763313609467454,40.51,-122.24
2.5625,15,5.341463414634147,1.0452961672473868,674,2.3484320557491287,38.75,-120.86
2.5652,17,3.1608040201005023,1.1122278056951425,1906,3.1926298157453936,37.32,-121.83
3.7361,19,5.034161491,1.0186335403726707,871,2.7049689440993787,33.88,-117.86
3.8372,13,5.962162162162162,1.0864864864864865,1796,3.236036036036036,37.61,-120.94
2.6797,36,4.793791574279379,0.9600886917960089,1048,2.3237250554323725,37.31,-120.5
3.1667,22,4.437751004016064,0.9678714859437751,971,3.8995983935742973,33.85,-117.88
2.5902,14,5.202608695652174,1.0643478260869565,3255,2.8304347826086955,34.09,-117.35
4.0313,18,15.813953488372093,3.116279069767442,350,2.7131782945736433,39.04,-120.16
6.0948,52,7.795454545454546,1.077922077922078,810,2.6298701298701297,34.14,-118.11
6.8927,31,6.634551495016611,0.9933554817275747,826,2.744186046511628,34.4,-119.75
4.4187,35,5.348336594911937,0.9980430528375733,1814,3.5499021526418786,34.16,-119.19
1.5328,36,2.5707865168539326,1.1606741573033708,3030,3.404494382022472,34.1,-118.31
3.049,33,3.171232876712329,1.0639269406392695,2923,2.2245053272450535,37.7,-122.48
15.0001,52,9.237288136,1.062953995157385,1266,3.0653753026634383,34.08,-118.4
8.5282,25,7.831050228310502,1.1073059360730593,1284,2.9315068493150687,34.15,-117.66
7.978,5,7.995495495495495,1.054054054054054,726,3.27027027,34.04,-117.24
4.4097,34,6.378881988,1.031055900621118,1659,2.5760869565217392,32.78,-117.19
3.5357,26,6.468,1.116,2745,10.98,32.63,-117.17
1.5625,5,2.577181208053691,0.8791946308724832,410,2.751677852348993,34.19,-119.18
1.942,31,4.3116057233704295,0.9984101748807631,1519,2.414944356120827,33.74,-116.97
6.234,7,6.511551155115511,1.0825082508250825,1047,3.4554455445544554,37.31,-121.78
7.7197,26,6,1,19,2.375,38,-122.49
10.7569,52,7.450617283950617,0.9382716049382716,465,2.8703703703703702,37.75,-122.46
3.3523,25,4.997245179063361,1.1129476584022038,1187,3.2699724517906334,34.07,-117.94
2.288,41,4.340782122905028,1.1843575418994414,1839,3.4245810055865924,34,-118.47
8.4196,21,7.207476635514019,1.0224299065420561,1422,2.6579439252336448,34.15,-118.58
5.1054,31,5.622844827586207,0.9331896551724138,1746,3.7629310344827585,37.67,-122.48
2.8,23,3.8995756718528995,1.0381895332390383,1811,2.5615275813295617,33.8,-117.94
3.6375,25,4.2387543252595155,1.069204152249135,1054,1.8235294117647058,34.16,-118.37
4.3816,28,4.871465296,1.0796915167095116,1422,3.6555269922879177,33.79,-118.28
4.5536,9,6.534939759036145,1.0313253012048194,1116,2.689156626506024,34.96,-120.41
2.8233,31,4.0607476635514015,1.0822429906542057,1987,1.8570093457943926,34.06,-118.38
6.7061,23,7.4969939879759515,1.0040080160320641,1339,2.6833667334669338,37.94,-122.01
5.0194,38,5.961206896551724,1.0258620689655173,649,2.7974137931034484,33.97,-117.4
2.3594,43,3.804560260586319,1.0488599348534202,1203,1.9592833876221498,32.76,-117.12
1.9907,17,4.341653666146646,1.0577223088923557,2566,4.003120124804992,35.2,-118.85
7.5696,4,8.026178010471204,1.1570680628272252,545,2.8534031413612566,34.87,-120.45
2.8519,17,5.047808764940239,1.0298804780876494,1764,3.5139442231075697,37.43,-120.79
5.0447,36,5.953020134228188,1.0033557046979866,784,2.6308724832214767,33.81,-118.12
5.0196,52,4.7224576271186445,1.055084745762712,1079,2.2860169491525424,37.74,-122.43
4.2727,47,4.612648221343873,0.9881422924901185,953,3.766798418972332,37.72,-122.4
3.0543,23,4.584245076586433,1.1728665207877462,1858,4.065645514223195,36.33,-121.23
3.4514,11,7.111111111111111,1.488888888888889,268,2.977777777777778,38.89,-122.83
6.8758,26,6.991228070175438,1.0263157894736843,383,3.3596491228070176,34,-117.84
3.0469,40,4.299086757990867,0.906392694,1411,3.221461187214612,37.71,-122.4
3.7644,14,5.756957328,1.0556586270871986,1704,3.1614100185528757,33.26,-117.05
4.0536,46,5.889830508474576,0.9774011299435028,748,2.1129943502824857,37.91,-122.29
2.3221,17,4.2465531224655315,1.0746147607461476,3308,2.682887266828873,32.79,-116.96
6.1953,39,6.90952381,1.0952380952380953,1007,2.3976190476190475,34.13,-118.18
2.1439,38,4.661764705882353,0.9975490196078431,2142,2.625,36.77,-119.76
5.0012,8,5.528095238095238,1.0195238095238095,5696,2.7123809523809523,35.32,-119.08
5.375,16,4.76,1.02,93,1.86,33.76,-117.84
2.7955,31,5.070063694267516,1.1401273885350318,1561,2.4856687898089174,37.68,-122.14
4.0833,33,4.836065573770492,1.010928961748634,1346,3.6775956284153004,33.93,-117.94
7.5752,52,3.142857142857143,1,55,7.857142857142857,34.02,-118.21
4.6628,16,5.413721413721413,0.9438669438669439,1696,3.525987525987526,38.01,-121.9
3.025,22,4.006802721088436,0.9829931972789115,865,2.942176870748299,33.85,-117.91
1.6336,23,11.230633802816902,2.880281690140845,1350,2.3767605633802815,34.24,-116.91
3.4583,41,4.582945736434109,1.0852713178294573,1212,1.8790697674418604,34.02,-118.45
4.25,40,5.302593659942363,1.031700288184438,1218,3.510086455331412,34.19,-118.16
2.5147,38,4,1.055363321799308,1359,4.702422145,34.28,-118.44
3.7143,49,6.201086956521739,1.298913043478261,505,2.744565217391304,38.53,-122.94
2.9688,42,4.536931818181818,1.0596590909090908,1311,3.7244318181818183,34.08,-118.03
3.8194,5,5.94015748,0.9748031496062992,2097,3.3023622047244094,34.54,-117.18
4.1776,32,5.928104575163399,1.0457516339869282,903,2.950980392156863,33.94,-117.44
4.1,21,5.816031537450723,1.038107752956636,1856,2.4388961892247045,38.49,-121.51
2.0536,42,4.735632183908046,1.0421455938697317,946,3.624521072796935,36.73,-119.74
2.6091,21,3.7839541547277937,1.1369627507163325,5546,3.1782234957020057,33.9,-118.33
3.625,13,5.479674796747967,1.048780487804878,719,2.9227642276422765,36.61,-119.46
1.6389,24,3.294294294294294,0.9219219219219219,470,1.4114114114114114,33.64,-117.94
2.1583,39,4.720512820512821,1.0974358974358975,1368,3.5076923076923077,37.95,-121.26
2.1205,36,4.833333333333333,1.0352564102564104,1283,4.112179487179487,36.45,-119.23
4.4312,45,5.671394799054373,1.0070921985815602,911,2.1536643026004727,37.75,-122.47
7.6245,21,6.663822525597269,0.9948805460750854,1528,2.6075085324232083,36.55,-121.7
3.1979,17,5.461038961038961,0.948051948,473,3.0714285714285716,32.96,-115.59
6.5284,16,6.3097345132743365,0.9557522123893806,652,2.8849557522123894,33.9,-117.89
3.4402,40,4.603818616,0.9952267303102625,1780,4.248210023866348,33.93,-118.2
2.8512,25,3.431693989071038,1.0091074681238617,1337,2.435336976320583,33.91,-118.35
8.8178,27,7.472035794183445,1.0089485458612975,1220,2.7293064876957494,37.27,-122.01
9.5823,52,7.981751824817518,1.0364963503649636,733,2.6751824817518246,34.16,-118.24
4.2944,37,4.893246187363834,1.0479302832244008,995,2.167755991285403,34.12,-118.17
2.1667,23,4.023588879528222,1.1086773378264532,4797,4.041280539174389,34.11,-117.9
7.9283,13,7.703016241299304,0.988399072,1432,3.3225058004640373,33.59,-117.69
3.0221,28,4.5943012211668925,1.1058344640434192,2240,3.039348710990502,34.2,-118.43
3.4375,34,5.293478260869565,1.0833333333333333,739,2.677536231884058,37.34,-121.96
6.7571,42,6.665178571428571,1.0580357142857142,665,2.96875,34.21,-118.2
3.4167,36,5.196347032,1.0410958904109588,725,3.310502283105023,33.86,-117.99
4.2672,47,4.650793650793651,0.9714285714285714,1119,3.552380952380952,37.72,-122.4
1.7104,33,4.2091690544412605,1.0601719197707737,1318,3.7765042979942693,37.61,-121.02
3.1493,24,7.307322929171669,1.460984393757503,1721,2.0660264105642256,33.81,-116.54
2.706,19,4.877551020408164,0.9271137026239067,1298,3.7842565597667637,36.22,-119.37
2.8214,13,5.028616852146264,1.152623211446741,1675,2.662957074721781,33.2,-117.26
3.725,35,4.114285714285714,1.0523809523809524,1161,2.7642857142857142,34.02,-118.41
4.8311,7,6.365102639296188,1.0498533724340176,1978,2.900293255131965,38.91,-120.97
4.2875,36,4.297520661157025,0.9400826446280992,1939,4.006198347107438,34.21,-118.37
3.5746,52,3.9454297407912686,1.024556616643929,1785,2.4351978171896316,37.8,-122.41
3.8825,10,5.235915492957746,1.0352112676056338,1559,2.744718309859155,38.11,-121.28
5.6336,40,5.895683453,1.2661870503597121,498,1.791366906,33.6,-117.89
3.1445,45,4.840361445783133,0.9969879518072289,633,1.9066265060240963,34.11,-118.28
3.4267,11,5.128698224852071,1.1079881656804733,2163,3.1997041420118344,34.03,-117.71
3.6518,25,4.806818181818182,1.0176767676767677,1821,2.2992424242424243,37.98,-122.3
7.3843,27,7.3839150227617605,1.0136570561456753,1956,2.968133535660091,37.23,-121.91
8.2883,34,6.618834080717488,0.9730941704035875,613,2.7488789237668163,37.37,-122.21
1.4366,18,4.5588793922127255,1.1400759734093067,4002,1.9002849002849003,33.75,-116.99
2.3382,11,5.568548387096774,1.2096774193548387,644,2.596774193548387,33.96,-116.48
4.5,34,7.366013071895424,1.1666666666666667,715,2.3366013071895426,37.93,-122.3
3.9816,10,4.735235567352356,1.1220968812209688,2959,1.9635036496350364,37.96,-122.06
1.6607,16,6.290322580645161,1.4129032258064516,337,2.174193548387097,38.99,-122.52
6.299,16,7.628647214854111,1.0371352785145889,1089,2.8885941644562334,37.93,-121.93
4.5281,35,5.055674518201285,0.9807280513918629,1727,3.6980728051391862,37.61,-122.1
5.2374,26,5.2405063291139244,0.9430379746835443,508,3.2151898734177213,34.45,-118.53
3.6563,13,5.563245823389021,1.107398568019093,1110,2.649164677804296,39.17,-120.93
8.7015,18,7.5198237885462555,0.9559471365638766,1272,2.801762114537445,33.78,-118.05
3.2708,46,4.323462414578588,1.0045558086560364,978,2.2277904328018225,32.74,-117.12
4.4375,48,5.474725274725275,1.010989010989011,937,2.059340659340659,37.9,-122.54
3.3438,8,6.096871846619576,0.987891019,3031,3.058526740665994,34.4,-117.27
7.916,23,8.572538860103627,1.038860103626943,1116,2.8911917098445596,32.8,-117.05
2.4074,24,3.3333333333333335,1.0504009163802979,2522,2.888888888888889,34.17,-118.31
1.8783,45,4.445333333333333,1.064,928,2.474666666666667,34.02,-118.33
1.4224,33,1.819277108433735,1,380,4.578313253012048,33.98,-118.19
3.6371,34,6.002638522427441,0.9894459102902374,1021,2.6939313984168867,32.81,-117.16
6.91,40,4.920454545454546,1.0284090909090908,399,2.2670454545454546,34.08,-118.6
3.1641,21,4.833333333333333,1.1067146282973621,2558,3.067146282973621,34.05,-117.82
2.8807,17,5.724288840262582,1.0765864332603938,1158,2.533916849015317,38.73,-120.84
4.0616,13,5.157894736842105,1.019736842105263,2814,3.7026315789473685,32.59,-117.06
2.6464,37,3.954692556634304,1.0533980582524272,1562,2.527508090614887,37.69,-122.11
2.375,41,5.205078125,1.005859375,1664,3.25,32.68,-117.06
6.4894,16,7.381656804733728,0.9792899408284024,1118,3.3076923076923075,38.37,-122.02
8.0113,18,7.233333333333333,0.9814814814814815,658,2.437037037037037,38.29,-122.18
1.9818,33,2.3061889250814334,1.1172638436482085,2013,3.278501628664495,34.06,-118.27
3.567,52,4.550632911392405,1.0253164556962024,1340,2.1202531645569622,37.76,-122.25
2.4612,45,4.370473537604457,1,1203,3.350974930362117,34.03,-118.14
3.9861,13,5.849019607843137,1.0470588235294118,1417,2.7784313725490195,38.01,-121.77
4.7973,28,5.964406779661017,0.988135593,1720,2.9152542372881354,32.75,-116.97
1.3403,43,4.2,1.1128205128205129,1213,3.1102564102564103,34,-118.27
4.506,26,5.500676589986468,1.0027063599458728,1960,2.6522327469553453,33.74,-117.99
1.9427,42,4.136666666666667,1.03,821,2.736666666666667,37.78,-122.29
2.0591,15,4.840046029919447,1.0609896432681243,1863,2.143843498273878,41.74,-122.61
3.5987,31,4.2272,1.0896,1303,2.0848,34.03,-118.47
3.6667,15,14.304761904761905,2.9285714285714284,437,2.080952380952381,33.8,-116.48
3.6,48,4.988919667590028,0.9778393351800554,1071,2.966759002770083,36.92,-121.75
5.2801,34,5.510526315789473,1,1207,3.1763157894736844,34.25,-118.45
3.1989,37,3.943820224719101,0.9962546816479401,939,3.5168539325842696,37.47,-122.2
2.9779,30,4.422976501305483,1.0391644908616189,1181,3.083550914,33.88,-118.16
4.2237,25,5.995226730310263,1.0513126491646778,1994,2.379474940334129,38.27,-122.45
2.5321,37,4.344827586206897,1.030852994555354,2499,4.535390199637024,33.89,-118.2
4.7308,44,5.950617283950617,1.028806584,721,2.9670781893004117,34.14,-118.03
2.4545,36,4.045662100456621,1.1552511415525115,809,3.6940639269406392,33.77,-118.26
4.6591,27,6.4964200477326965,1.1169451073985681,1164,2.7780429594272076,34.26,-118.49
2.9783,19,5.093514328808446,1.009049773755656,2426,3.659125188536953,37.66,-120.9
2.7426,27,3.0864197530864197,0.9814814814814815,732,4.518518518518518,33.91,-118.22
3.1315,18,3.8207024029574863,1.423290203327172,870,1.6081330868761552,33.83,-117.96
8.1397,17,7.480769230769231,1.0064102564102564,1917,3.0721153846153846,34.17,-118.83
5.1269,6,4.973083197389886,1.0358890701468189,2678,2.1843393148450243,33.76,-118.3
5.3495,20,6.057591623036649,0.937172775,572,2.994764397905759,36.3,-119.29
3.5865,37,5.167539267015707,0.9790575916230366,551,2.884816753926702,33.94,-117.4
1.9167,45,4.039697542533081,1.056710775047259,1550,2.9300567107750473,33.73,-118.28
2.1458,22,3.0782608695652174,1.0521739130434782,530,4.608695652173913,36.72,-119.78
2.7621,33,4.745033112582782,0.9867549668874173,824,2.728476821192053,37.67,-120.98
3.1103,20,6.618497109826589,1.1445086705202312,431,2.491329479768786,37.32,-121.95
6.871,52,5.859813084112149,1.0404984423676011,640,1.9937694704049844,34.06,-118.42
2.5921,20,6.024221453287197,1.1453287197231834,1466,5.072664359861592,36.52,-119.73
2.6576,5,5.939205955334987,1.1290322580645162,1944,2.411910669975186,34.44,-117.22
5.1515,17,5.183839479392625,1.0363340563991323,5279,2.8627982646420826,34.02,-118.11
5.8838,24,6.6239316239316235,1.0655270655270654,2374,3.381766381766382,34.24,-119.02
3.1786,35,5.293906810035843,0.946236559,852,3.053763440860215,32.7,-117.08
3.2188,33,5.6644295302013425,1.0503355704697988,808,2.7114093959731544,34.05,-117.19
6.1599,34,5.833333333333333,0.9758454106280193,1278,3.0869565217391304,33.85,-118.37
6.2296,26,7.216666666666667,0.9666666666666667,533,2.9611111111111112,37.94,-121.94
4.9562,45,5.112359550561798,1.0337078651685394,394,4.426966292134831,33.82,-118.21
3.46,31,4.457575757575758,0.9727272727272728,841,2.5484848484848484,33.93,-117.96
3.3287,29,4.549295774647887,1.0704225352112675,1217,2.142605633802817,34.21,-118.23
5.5435,34,6.084507042253521,0.9154929577464789,208,2.9295774647887325,38.35,-122
1.2667,7,3.326241134751773,1.053191489361702,1187,4.209219858156028,32.54,-117.04
6.83,28,6.748743718592965,1.0804020100502512,487,2.4472361809045227,34.05,-118.78
4.6071,14,5.674698795180723,1.0271084337349397,1884,2.8373493975903616,35.28,-120.7
4.4531,33,4.835978835978836,1.0476190476190477,766,2.0264550264550265,37.45,-122.17
2.0043,29,4.923322684,0.9297124600638977,1007,3.2172523961661343,36.71,-119.8
12.2145,19,8.863080684596577,1.0562347188264058,1252,3.0611246943765282,37.29,-122.04
3.1125,29,4.851851851851852,1.0246913580246915,672,2.765432098765432,37.57,-120.95
4.4408,42,4.875379939209727,0.9908814589665653,814,2.474164133738602,34.17,-118.35
2.7986,29,4.409090909090909,1.1414141414141414,649,3.2777777777777777,34.06,-117.69
1.4615,28,2.1839464882943145,1.065217391304348,2079,3.4765886287625416,34.05,-118.28
2.3438,40,3.9173553719008263,1.024793388429752,546,4.512396694214876,34.02,-118.19
2.875,43,5.391304347826087,1.0724637681159421,801,3.869565217391304,37.09,-120.95
7.5552,39,5.811965811965812,0.9572649572649573,926,2.6381766381766383,33.9,-118.41
3.1806,24,7.925925925925926,1.712962962962963,388,3.5925925925925926,38.93,-119.97
5.196,4,6.281354515050167,1.0936454849498327,7560,3.160535117056856,32.92,-117.18
2.0801,44,3.38989899,1.0383838383838384,1700,3.4343434343434343,37.78,-122.22
2.0938,16,2.745856354,1.0828729281767955,800,2.2099447513812156,37.8,-122.27
5.7251,28,5.948387096774193,1.020967741935484,1877,3.0274193548387096,37.28,-121.98
4.1875,13,6.296052631578948,1.1151315789473684,930,3.0592105263157894,33.78,-117.11
4.3056,30,5.036931818181818,1.0113636363636365,905,2.571022727272727,33.81,-118.31
3.2188,34,4.623145400593472,1.1127596439169138,1179,3.4985163204747773,33.93,-118.08
6.8322,25,6.578212290502793,1.0642458100558658,823,2.298882681564246,32.92,-117.29
2.0875,13,3.5259740259740258,1.0352504638218925,1986,1.842300556586271,34.19,-118.31
3.9613,35,5.173126615,0.9767441860465116,1726,4.459948320413437,33.77,-117.9
5.3683,34,5.817869416,0.9656357388316151,846,2.9072164948453607,37.56,-122.29
2.375,31,2.5454545454545454,1,326,3.7045454545454546,34.26,-119.21
3.5893,17,5.298076923076923,1.0769230769230769,317,1.5240384615384615,37.86,-122.07
8.9571,33,7.210696920583469,1.0307941653160453,1684,2.7293354943273904,37.86,-122.18
2.9886,18,4.377521613832853,1.063400576368876,802,2.3112391930835736,32.75,-116.98
2.9643,48,5.548628428927681,1.0798004987531171,1170,2.917705735660848,33.99,-118.34
1.3278,32,4.408510638297872,1.0574468085106383,2002,4.259574468085106,36.76,-119.75
6.2425,52,6.314356435643564,1.0321782178217822,894,2.212871287128713,37.88,-122.26
2.3833,52,4.638132295719845,1.1245136186770428,772,3.0038910505836576,37.8,-122.23
2.8333,52,5.473317865429235,1.371229698,1100,2.5522041763341066,33.34,-118.33
2.7201,52,4.939338235294118,1.1029411764705883,1716,3.1544117647058822,34.17,-118.14
2.5294,37,4.879256965944273,1.0340557275541795,1385,4.287925696594427,37.46,-122.13
2.506,25,3.374717832957111,1.0474040632054176,5217,2.944130925507901,34.14,-118.25
5.0477,16,4.2304609218436875,0.9719438877755511,1285,2.5751503006012024,37.3,-121.93
3.2417,28,4.698717948717949,1.1842948717948718,1198,1.919871794871795,37.67,-122.07
3.7986,21,4.268738574,1.0612431444241317,1914,1.7495429616087752,34.14,-118.37
2.2188,52,3.6040100250626566,1.1829573934837092,1018,2.5513784461152884,33.74,-118.29
4.6908,37,5.979949874686716,1.0250626566416041,1101,2.7593984962406015,33.85,-118.12
4.1708,33,4.664179104477612,1.0298507462686568,866,3.2313432835820897,33.89,-118.14
1.745,39,5.448071216617211,1.0445103857566767,883,2.620178041543027,40.79,-124.18
3.7177,32,5.529288703,1.0794979079497908,1862,3.8953974895397487,34.09,-117.78
6.1463,6,7.181262729124236,1.1384928716904277,1378,2.8065173116089612,37.3,-121.76
3.3639,25,6.395348837209302,1.2299741602067182,910,2.351421188630491,33.74,-116.41
2.2545,18,3.3413685847589423,1.104199066874028,4332,3.368584758942457,34.07,-118.25
12.4291,34,9.666666666666666,1.1218637992831542,810,2.903225806451613,37.58,-122.37
2.6964,29,5.059171597633136,1.1775147928994083,785,4.644970414201183,34.05,-118.19
5.4605,31,5.436813186813187,0.9986263736263736,1924,2.642857142857143,32.83,-117.22
4.5795,34,4.845622119815668,0.9838709677419355,1355,3.122119815668203,34.04,-118.12
1.275,19,4.2269736842105265,1.3486842105263157,1431,2.3536184210526314,32.8,-114.55
3.9702,27,4.823886639676114,0.9554655870445344,2079,4.208502024291498,34.01,-117.9
5.3028,35,6.026128266033254,0.9928741092636579,1161,2.7577197149643706,34.19,-118.51
2.1766,36,2.8355555555555556,1.1177777777777778,1502,3.3377777777777777,34.08,-118.3
2.0817,35,4.481481481481482,1.0722222222222222,2010,3.7222222222222223,33.9,-118.21
2.9808,38,5.670588235294118,1.1176470588235294,928,3.6392156862745098,36.79,-120.08
1.8299,24,5.243315508,1.1283422459893049,1559,4.168449197860962,36.72,-120.05
2.9167,35,5.284839203675345,1.0918836140888208,1550,2.3736600306278715,35.62,-120.69
5.1265,40,6.498194945848375,1.0469314079422383,761,2.747292418772563,38.02,-122.16
4.0668,14,4.7193460490463215,0.9305177111716622,2139,2.914168937,32.67,-117.04
2.625,11,5.873809523809523,1.105952380952381,2508,2.9857142857142858,33.76,-117.16
5.411,33,5.890909090909091,1.029090909090909,868,3.1563636363636363,34.14,-117.94
4.3672,4,5.812834225,1.2281639928698753,926,1.6506238859180036,33.12,-117.21
3.6852,3,5.698989898989899,1.0484848484848486,1353,2.7333333333333334,35.3,-119.09
2.0243,18,4.5293132328308205,1.169179229480737,1611,2.698492462311558,34.51,-117.31
1.625,19,6.8545454545454545,1.2545454545454546,198,3.6,32.75,-115.64
3.6422,26,4.3539094650205765,0.9547325102880658,891,3.6666666666666665,34.94,-120.45
3.625,52,3.973568281938326,1.0440528634361232,846,3.7268722466960353,37.79,-122.25
4.5,35,5.450757575757576,1.0681818181818181,1633,3.0928030303030303,37.71,-122.43
6.2048,23,7.304843304843305,0.9886039886039886,1043,2.9715099715099713,37.73,-121.93
5.6435,33,6.261744966442953,1.0984340044742729,978,2.1879194630872485,33.96,-118.44
3.3681,18,5.410377358490566,0.9528301886792453,717,3.3820754716981134,36.3,-119.66
2.8009,46,4.206831119544592,1.032258064516129,1107,2.1005692599620494,35.27,-120.66
3.4934,25,4.791549295774648,1.0676056338028168,1645,2.316901408450704,37.7,-122.08
3.5985,36,3.8931909212283045,1.048064085447263,1183,1.5794392523364487,33.76,-118.15
1.8972,17,4.382830626450116,1.0893271461716938,2393,2.7761020881670535,38.66,-121.38
4.0804,33,5.666666666666667,0.9508771929824561,710,2.491228070175439,37.92,-122.3
2.5841,21,3.7146974063400577,1.0599423631123919,3621,2.0870317002881844,37.97,-122.04
2.4583,35,3.7419354838709675,1.064516129032258,538,2.1693548387096775,33.19,-117.38
1.8929,29,4.474093264248705,1.1373056994818653,1063,2.7538860103626943,37.59,-120.95
2.4861,36,4.655555555555556,1.1666666666666667,722,4.011111111111111,33.88,-117.56
2.5362,29,4.173913043478261,1.1195652173913044,1021,1.8496376811594204,37.69,-122.07
3.8487,46,5.1152882205513786,1.0150375939849625,1059,2.654135338345865,37.8,-122.2
4.6654,27,5.214765100671141,1.0313199105145414,1178,2.635346756152125,37.26,-121.98
5.1985,30,6.334128878281623,1.0190930787589498,2114,2.522673031026253,34,-118.04
10.4519,43,6.899328859060403,0.9731543624161074,394,2.6442953020134228,34.05,-118.4
3.2738,29,6.432532347504621,1.1238447319778189,2007,3.709796672828096,35.32,-118.95
5.0322,43,3.6581986143187066,1.1016166281755195,799,1.8452655889145497,33.85,-118.42
2.7816,21,3.504537205,1.0762250453720508,2773,2.516333938294011,34.09,-118.13
2.3036,35,4.620512821,1.176923076923077,1009,2.5871794871794873,37.79,-122.2
2.675,33,4.698412698412699,1.1587301587301588,216,3.4285714285714284,37.93,-122.32
3.2361,38,5.066308243727598,1.0412186379928314,972,1.7419354838709677,32.72,-117.23
1.9236,37,3.710227272727273,1,827,4.698863636363637,37.38,-120.73
5.2037,25,5.885931558935361,0.97338403,811,3.0836501901140685,33.9,-117.85
5.584,13,7.302127659574468,1.097872340425532,1286,2.7361702127659573,38.67,-120.98
4.81,42,4.979498861047836,0.9635535307517085,1145,2.6082004555808656,34.26,-118.3
3.7065,16,5.487272727272727,1.0751515151515152,2531,3.067878787878788,37.52,-120.84
4.6445,17,6.045618247298919,0.9807923169267707,2084,2.501800720288115,34.15,-117.23
3.5586,26,2.844141069397042,1.0944254835039817,2374,2.700796359499431,37.39,-122.01
2.9896,20,4.518134715025907,1.0310880829015545,1532,2.645941278,32.78,-117.01
3.2317,41,3.8616600790513833,1.0474308300395256,865,3.418972332,37.32,-121.89
4.6528,31,4.225806451612903,1.103225806451613,563,1.8161290322580645,33.74,-118.1
3.4801,52,3.977154724818276,1.185877466251298,1310,1.3603322949117342,37.8,-122.44
3.788,35,5.714025500910747,0.9908925318761385,1312,2.389799635701275,38.6,-121.37
2.2361,47,4.9414758269720105,1.094147582697201,1074,2.732824427480916,38.01,-121.81
2.9559,15,5.272151898734177,1.110759493670886,816,2.5822784810126582,39.96,-120.93
4.2232,33,6.1896955503512885,1.0866510538641687,1015,2.377049180327869,37.46,-122.23
1.9911,50,5.343675417661098,1.0859188544152745,990,2.3627684964200477,37.84,-122.26
5.0871,36,5.081967213114754,1.0027322404371584,794,2.169398907103825,37.39,-122.1
2.3,42,5.285266457680251,1.1316614420062696,737,2.310344827586207,33.96,-118.33
6.5372,52,7.166666666666667,1.1124031007751938,695,2.693798449612403,37.75,-122.46
4.69,36,6.405882352941177,1.0705882352941176,535,3.1470588235294117,37.25,-121.93
3.4643,16,5.072423398328691,1.0027855153203342,969,2.699164345,40.31,-120.49
2.8289,15,3.3503937007874014,1.169291338582677,1326,5.2204724409448815,33.76,-117.86
2.5885,52,4.842639593908629,1.0862944162436547,1271,3.2258883248730963,34.01,-118.3
2.3281,33,3.6312997347480107,1.0822281167108754,1475,3.9124668435013263,34.08,-118.18
4.8125,15,6.164179104477612,1.0298507462686568,440,3.283582089552239,33.87,-117.32
3.0192,19,4.9178885630498534,1.0249266862170088,1948,2.8563049853372435,32.79,-116.93
4.0865,30,5.132743362831858,0.9911504424778761,1434,3.172566371681416,33.85,-118.03
5.2573,21,5.602851324,1.0224032586558045,2027,4.128309572301426,37.65,-122.46
2.293,28,4.574438202247191,1.0561797752808988,1981,2.782303370786517,36.78,-119.75
4.385,35,6.356451612903226,1.0403225806451613,1668,2.6903225806451614,38.26,-122.73
3.0403,20,5.607361963190184,1.1116564417177914,2125,2.607361963190184,39.08,-120.98
2.75,52,5.615141955835962,1.1766561514195584,824,2.5993690851735014,38.1,-122.25
2.8421,25,3.747292418772563,1.0577617328519855,1060,1.9133574007220218,32.81,-117.26
4.5625,40,4.125,0.8541666666666666,151,3.1458333333333335,39.05,-121.48
2.8025,5,4.947761194029851,1.1305970149253732,1767,3.296641791044776,32.78,-115.55
1.3333,26,2.1339285714285716,1.2053571428571428,165,1.4732142857142858,33.8,-118.23
3.6333,7,4.094545454545455,1.0363636363636364,1576,2.8654545454545453,33.77,-117.98
1.5464,17,4.5,0.9935064935064936,2022,4.376623376623376,36.31,-119.22
0.813,12,4.781094527363184,1.7014925373134329,315,1.5671641791044777,33.12,-117.1
2.9432,52,4.949458483754513,1.1371841155234657,986,3.559566787,33.98,-118.3
8.3695,37,7.458745874587459,1.0627062706270627,941,3.1056105610561056,34.22,-118.21
1.8542,22,4.789115646258503,1.1938775510204083,636,2.163265306122449,37.26,-121.96
4.4135,32,5.403846153846154,0.9560439560439561,1144,3.142857142857143,37.98,-122.33
2.0857,22,5.125461254612546,1.070110701107011,1185,4.372693726937269,36.44,-119.48
4.0686,18,3.433333333333333,0.9383333333333334,1144,1.9066666666666667,37.43,-122.14
4.4107,22,4.1257861635220126,1.1735849056603773,1842,2.3169811320754716,37.39,-122.03
3.1944,6,4.589403973509934,0.9470198675496688,276,1.8278145695364238,38.63,-121.5
1.9125,39,4.53030303,1.128787878787879,366,2.772727272727273,35.35,-119.01
6.077,34,5.718840579710145,1.063768115942029,843,2.4434782608695653,33.88,-118.39
5.01,19,6.136792452830188,1.0353773584905661,1156,2.7264150943396226,33.69,-117.93
6.4232,41,5.3578947368421055,0.9789473684210527,746,2.617543859649123,34.01,-118.43
2.2743,38,4.021419009370817,1.0629183400267737,2601,3.4819277108433737,34.95,-120.44
6.0062,17,6.262536873156342,1.0058997050147493,1067,3.1474926253687316,37.24,-121.78
2.0246,16,5.302631578947368,1.199013157894737,1036,1.7039473684210527,33.22,-117.23
1.9038,16,5.456445993031359,1.0662020905923344,652,2.2717770034843205,39.92,-122.17
3.95,40,5.517571884984026,0.987220447,932,2.977635782747604,34.02,-118.11
5.9369,5,7.855313700384123,1.1254801536491676,2795,3.5787451984635084,34.13,-117.57
2.2261,23,3.639143731,1.0611620795107033,965,2.9510703363914375,34.06,-118.12
6.2583,37,4.959501557632398,0.9595015576323987,783,2.439252336448598,34.02,-118.44
3.0234,31,5.464203233256351,1.1131639722863742,1933,4.464203233256351,36.86,-119.98
3.0806,8,4.534675615212528,1.0738255033557047,1781,3.9843400447427295,34.08,-117.97
5.9836,17,6.360655737704918,1.0081967213114753,685,2.807377049180328,34.17,-118.92
9.3845,26,7.922252011,1.0107238605898123,1074,2.8793565683646114,33.75,-117.79
2.891,11,3.7643229166666665,1.23828125,2166,2.8203125,34.19,-118.44
2.8846,49,3.857142857142857,1.0514285714285714,707,2.02,37.87,-122.27
3.1734,38,6.0602409638554215,1.0451807228915662,880,2.6506024096385543,37.67,-122.13
3.225,32,4.305714285714286,1.082857142857143,1082,3.0914285714285716,33.88,-118.21
1.0375,35,5.146520146520147,1.1941391941391941,1086,3.978021978021978,33.95,-118.25
3.9712,16,4.624539877300614,1.0294478527607362,1986,2.4368098159509204,37.95,-122.47
3.6742,24,3.7154850746268657,1.0503731343283582,2645,2.467350746268657,37.4,-122.09
3.6817,21,5.70911215,1.0379672897196262,4674,2.7301401869158877,38.59,-121.32
1.3785,47,4.310344827586207,0.9623824451410659,843,2.6426332288401255,37.85,-122.27
4.9962,26,6.104553119730186,1.0236087689713322,2000,3.372681281618887,32.62,-117.04
7.1621,45,6.8575,0.975,974,2.435,37.48,-122.25
6.5412,12,6.889952153110048,0.9712918660287081,1381,3.3038277511961724,32.81,-117.04
3.9032,3,5.863329583802025,1.1929133858267718,4432,2.4926884139482564,36.85,-119.74
4.3611,11,5.419753086419753,0.9629629629629629,655,2.6954732510288064,35.06,-120.52
4.5321,14,5.643300798580301,1.0967169476486247,2876,2.551907719609583,38.07,-122.16
2.7644,24,6.204166666666667,1.1520833333333333,1370,2.8541666666666665,40.55,-124.09
1.6094,27,4.887323943661972,1.0422535211267605,1056,3.7183098591549295,36.66,-119.6
2.2019,50,4.134517766497462,1.1091370558375635,1581,4.0126903553299496,34.12,-117.3
4.1181,36,4.905027932960894,0.9329608938547486,499,2.787709497206704,34.21,-118.57
4.4107,23,5.606998654,1.0174966352624495,2082,2.8021534320323016,34.42,-118.49
5.2606,43,5.634615384615385,1.1121794871794872,954,3.0576923076923075,33.82,-118.2
6.221,52,6.571428571428571,0.9666666666666667,530,2.5238095238095237,37.6,-122.4
3.7784,25,5.928571428571429,1.0372670807453417,1043,3.239130434782609,32.95,-117.02
1.5603,52,3.5542168674698793,1.1475903614457832,1046,3.1506024096385543,33.78,-118.18
5.0479,22,5.135877863,1.0549618320610687,3783,2.8877862595419845,37.63,-122.46
6.9508,18,6.906577693040991,0.9809342230695901,2893,2.757864632983794,37.22,-121.86
0.9379,34,4.38,1.16,263,2.63,38.61,-121.45
3.1042,7,5.493362831858407,1.0896017699115044,2431,2.689159292035398,37.5,-120.87
2.2262,4,4.012165450121654,1.1094890510948905,1030,2.506082725060827,33.65,-117.84
4.4427,31,5.633228840125392,1.025078369905956,796,2.4952978056426334,37.65,-122.1
6.2742,20,7.055813953488372,1.0488372093023255,1669,3.8813953488372093,37.32,-121.79
5.3847,32,6.149681528662421,0.9490445859872612,948,3.0191082802547773,34.27,-118.53
3.2964,52,4.263502454991817,1.1096563011456628,2071,3.3895253682487727,37.76,-122.41
5.7528,34,4.623376623376624,0.8571428571428571,757,3.277056277056277,33.91,-118.32
3.0417,35,4.050970873786408,1.0800970873786409,1870,4.538834951456311,33.92,-118.21
2.3,10,5.774223034734918,1.2202925045703839,2625,2.3994515539305303,33.81,-117.02
3.2875,6,8.00625,1.53125,422,2.6375,38.04,-120.3
3.625,20,3.5945945945945947,0.9459459459459459,87,2.3513513513513513,40.22,-123.43
8.4721,28,9.505154639175258,1.1030927835051547,314,3.2371134020618557,33.01,-117.04
1.9338,44,3.1037735849056602,1.028301886792453,869,4.099056603773585,32.7,-117.14
3.665,52,4.088235294117647,0.8529411764705882,523,3.0764705882352943,34.07,-118.14
2.2813,41,4.512195121951219,1.056910569105691,1492,12.130081300813009,34.1,-117.71
2.1522,39,3.7813021702838063,1.0484140233722872,2323,3.8781302170283807,33.96,-118.21
3.8462,52,6.281853281853282,1.0810810810810811,565,2.1814671814671813,37.85,-122.25
5.75,16,6.3,1.17,343,3.43,34.42,-119.23
2.05,34,6.0588235294117645,1.358288770053476,495,2.6470588235294117,38.54,-120.79
2.6389,45,5.497175141242938,1.0338983050847457,500,2.824858757062147,35.07,-119.45
5.1129,14,5.706484641638225,1.006825938566553,704,2.4027303754266214,33.53,-117.72
3.5388,30,5.050713153724248,0.9381933438985737,2082,3.299524564183835,32.71,-117.02
5.2308,33,5.234600262123198,1.001310615989515,2721,3.5661861074705112,37.52,-121.95
1.8529,52,4.8808777429467085,1.078369905956113,758,2.376175548589342,40.8,-124.17
3.25,46,4.972413793103448,1.0804597701149425,925,2.1264367816091956,37.73,-122.17
3.6736,16,4.400352733686067,0.9717813051146384,2314,4.081128747795415,34.3,-118.47
5.748,16,6.091358024691358,1.0185185185185186,2668,3.293827160493827,33.88,-118.07
6.0936,35,6.465240642,1.0026737967914439,988,2.641711229946524,37.28,-121.89
1.7945,37,4.502623294858342,1.1563483735571878,1941,2.036726128016789,34.01,-118.34
2.7787,47,4.75,1.0245901639344261,810,3.319672131147541,38.54,-121.45
2.1771,40,4.942386831,1.0473251028806585,1197,2.462962962962963,38.13,-121.27
4.2042,20,5.241379310344827,1.0524737631184409,3221,2.414542728635682,38,-122.12
1.7829,45,4.7,1.0478260869565217,821,3.5695652173913044,36.73,-119.77
3.9646,32,5.316981132075472,0.9874213836477987,2842,3.5748427672955976,32.67,-117.05
6.5483,20,7.588516746411483,0.8947368421052632,699,3.3444976076555024,34.3,-118.71
4.2273,35,5.8566978193146415,1.1526479750778815,926,2.884735202492212,37.35,-121.97
2.6354,40,3.3527397260273974,1.0136986301369864,934,3.1986301369863015,33.96,-118.19
3.8594,52,4.962962962962963,1.0317460317460319,393,2.0793650793650795,37.86,-122.28
3.5179,33,4.709677419354839,1,75,2.4193548387096775,38.36,-121.99
6.0677,32,6.421824104234528,0.9853420195439739,1524,2.482084690553746,37.92,-122.3
3.5313,15,5.306425041186161,1.085667215815486,1390,2.2899505766062602,34.27,-118.67
2.9643,38,4.331730769230769,0.9855769230769231,760,3.6538461538461537,33.91,-118.15
3.05,17,8.3200883,2.0044150110375276,1160,2.5607064017660046,37.64,-118.98
1.7574,43,4.410958904109589,1.1287671232876713,1409,3.8602739726027395,37.94,-121.26
5.7248,39,7.679775280898877,1.1713483146067416,1782,2.502808988764045,36.55,-121.91
4.0403,23,4.792408066429418,1,2181,2.587188612099644,37.3,-121.96
2.2538,7,3.2222222222222223,1.159041394335512,1057,2.3028322440087146,34.95,-120.45
4.125,30,5.384615384615385,2.923076923076923,20,1.5384615384615385,38.92,-122.65
3.4609,29,4.507886435331231,0.9242902208201893,1091,3.441640378548896,32.69,-117.07
6.7813,4,7.037931034482758,0.996551724,1996,3.4413793103448276,34.15,-117.68
3.1551,27,4.630541871921182,1.083743842364532,2022,2.4901477832512313,34.18,-118.42
2.0066,16,5.689567430025445,1.1145038167938932,1361,3.4631043256997454,37.2,-120.64
4.6328,30,5.064766839378239,1.005181347150259,999,2.588082901554404,37.35,-121.97
5.3077,18,6.065767284991568,1.1197301854974704,1321,2.2276559865092747,37.29,-121.91
5,18,5.669412976,1.035015447991761,2641,2.7198764160659112,37.56,-121.99
13.2986,17,7.2995283018867925,1.0424528301886793,1173,2.766509433962264,37.35,-122.2
3.892,33,4.601423487544484,1.1186239620403322,2113,2.506524317912218,34.19,-118.47
4.0391,52,4.518867924528302,1.0188679245283019,889,2.0966981132075473,37.74,-122.42
3.8462,49,5.3651226158038146,1.0272479564032697,977,2.662125340599455,34.18,-118.33
1.3365,23,3.180811808118081,1.062730627306273,1336,2.4649446494464944,34.01,-118.1
4.3021,15,5.101083032490974,1.0072202166064983,803,2.898916967509025,32.78,-115.57
3.3304,20,4.425790754257908,1.0559610705596107,2326,2.829683698296837,33.87,-118.13
5.4074,16,7.076923076923077,1.0512820512820513,495,3.173076923076923,38.24,-122.03
3.6607,45,5.407476635514018,1.0654205607476634,1923,3.594392523364486,37.72,-122.39
3.2604,30,5.551020408163265,1.0816326530612246,531,3.6122448979591835,37.61,-120.76
6.3566,16,5.561643835616438,0.8794520547945206,1343,3.6794520547945204,37.27,-121.82
2.2614,50,5.378698224852071,1.106508875739645,737,2.1804733727810652,36.78,-119.8
0.9437,52,2.611111111111111,0.8611111111111112,301,4.180555555555555,38.44,-122.72
7.5426,15,7.002971768,0.9970282317979198,2197,3.264487369985141,33.65,-117.65
1.7308,52,4.231173380035027,1.0823117338003503,1150,2.0140105078809105,40.8,-124.16
2.2019,15,10.813218390804598,2.2528735632183907,717,2.060344827586207,39.72,-120.66
4.25,24,5.439899833055092,1.0676126878130217,3441,2.872287145,33.68,-117.96
1.5347,31,4.987068965517241,1.1896551724137931,956,4.120689655172414,37.96,-122.36
3.1078,50,4.110582639714625,1.0154577883472058,1584,1.8834720570749108,34.08,-118.34
6.4858,12,5.557794274,1.0445387062566278,2048,2.171792152704136,33.68,-118
2.3682,24,4.617529880478088,1.1035856573705178,2541,3.3745019920318726,34.09,-117.44
3.8984,30,4.390702274975272,1.0929772502472799,1749,1.7299703264094954,33.77,-118.16
2.4048,33,3.951541850220264,1.066079295154185,2390,3.509544787077827,34.04,-118.31
6.3703,32,6,0.9901960784313726,1159,2.272549019607843,34.16,-118.41
5.0323,30,6.295264623955432,1.041782729805014,958,2.668523676880223,38.35,-122.76
3.2794,48,5.031372549019608,1.0901960784313725,567,2.223529411764706,37.91,-122.55
4.2434,27,5.315457413249211,1.0757097791798107,757,2.3880126182965298,34.12,-118.08
2.4408,32,4.457207207207207,1.1058558558558558,954,2.1486486486486487,33.95,-117.4
4.744,10,6.310258548790659,1.1242702251876564,3227,2.6914095079232694,37.66,-120.93
2.9583,35,3.8633540372670807,1.0062111801242235,1603,4.978260869565218,33.84,-117.91
5.5351,4,8.584269662921349,1.25,2088,2.932584269662921,33.55,-117.27
3.6212,31,6.15034965,1.062937062937063,1386,2.423076923076923,34.96,-120.42
2.5938,45,5.555555555555555,0.9841269841269841,187,2.9682539682539684,37.55,-120.85
3.2356,50,3.502808988764045,1.026685393258427,958,1.345505617977528,37.8,-122.42
2.4805,11,6.5949895615866385,1.2860125260960333,1343,2.8037578288100207,41.75,-124.23
5.8415,47,5.769784173,1.0215827338129497,639,2.2985611510791366,37.3,-121.89
4.0987,37,4.804913294797688,1.060693641618497,1468,2.121387283236994,37.58,-122.36
1.7206,21,3.4833333333333334,1.1,401,3.341666666666667,34.07,-117.27
3.0759,52,4.898907103825136,0.9562841530054644,1303,3.560109289617486,34.01,-118.31
2.4049,31,3.5402298850574714,1.1065830721003134,3558,3.717868338557994,33.97,-118.17
2.2596,40,3.6346604215456675,0.9812646370023419,1919,4.494145199063232,34.01,-118.16
1.875,32,9.161111111111111,3.411111111111111,763,2.1194444444444445,34.22,-116.14
1.9083,42,3.888554217,1.0391566265060241,1535,4.623493975903615,34.05,-118.19
6.0901,8,7.5360623781676415,1.050682261208577,1555,3.0311890838206628,37.95,-122.01
2.9107,43,5.600456621004566,1.1187214611872147,1093,2.4954337899543377,37.97,-121.32
3.3438,37,4.6300366300366305,1.0036630036630036,783,2.868131868131868,33.75,-117.98
3.7361,48,5.754617414248021,1.1055408970976253,1041,2.746701846965699,37.75,-122.49
1.1707,20,3.0925684485006517,1.0886571056062582,2283,2.9765319426336374,32.79,-115.56
3.2447,12,4.936859147328656,1.0286022665947112,4656,2.5126821370750134,37.7,-121.01
2.7721,26,2.8418367346938775,0.7806122448979592,455,2.3214285714285716,34.06,-118.01
4.218,52,5.396761133603239,1.042510121,1362,2.757085020242915,37.78,-122.48
5.1261,20,6.137404580152672,0.9847328244274809,1655,3.1583969465648853,34.13,-117.62
1.7969,19,4.655367231638418,1.039548023,557,1.573446327683616,36.81,-119.71
3.5156,42,4.794621026894865,1.0440097799511003,1211,2.960880195599022,37.71,-122.47
2.0893,20,3.746067415730337,1.053932584269663,1292,2.903370786516854,32.75,-117.11
1.8242,47,4.257990867579909,1.0616438356164384,1916,4.3744292237442925,33.99,-118.26
3.5,30,5.728882833787466,1.0517711171662125,2012,2.741144414168937,32.74,-117.02
4.4342,20,5.310126582278481,0.9715189873417721,840,2.6582278481012658,34.96,-120.42
4.8554,11,6.4902763561924255,1.0542476970317298,2697,2.760491299897646,33.16,-117.08
2.3783,18,4.262443438914027,1,1915,4.332579185520362,33.74,-117.9
4.5875,32,6.712418300653595,1.0588235294117647,843,2.7549019607843137,38.33,-122.77
2.9107,29,4.975088968,1.0462633451957295,1346,2.395017793594306,38.44,-122.68
3.375,30,5.800865800865801,1.0562770562770563,631,2.7316017316017316,37.5,-120.83
1.8814,40,4.418897637795276,1.078740157480315,2268,3.5716535433070864,37.94,-121.28
4,49,4.361702127659575,0.9787234042553191,1008,3.0638297872340425,37.73,-122.43
4.6127,30,5.715919923736892,0.9704480457578646,2532,2.4137273593898954,38.63,-121.37
2.3636,32,3.633946830265849,1.096114519427403,1684,3.443762781186094,34.07,-118.28
3.3869,40,3.622950819672131,1.0163934426229508,1930,4.519906323185012,33.99,-118.19
2.3611,28,3.739622641509434,0.9622641509433962,1145,4.320754716981132,34.05,-118.02
5.2297,27,6.1566579634464755,1.083550914,1562,4.078328981723238,37.35,-121.8
5.5105,26,6.7053941908713695,1.2116182572614107,700,2.904564315352697,33.68,-117.97
2.7188,43,5.188755020080321,1.2329317269076305,647,2.5983935742971886,38.75,-121.27
2.6485,18,4.235249042145594,1.1080459770114943,2883,2.2091954022988505,38.59,-121.41
5.1435,22,6.855882352941176,1.0558823529411765,1086,3.1941176470588237,37.99,-121.81
6.4468,43,5.948198198198198,0.9256756756756757,1011,2.277027027027027,33.83,-118.19
3.1176,10,5.214452214452215,1.0582750582750582,1255,2.9254079254079253,38.25,-122.02
1.925,43,2.3435582822085887,1.031441717791411,3920,3.0061349693251533,34.08,-118.29
2.6964,24,3.0085836909871246,1.0343347639484979,1976,4.240343347639485,33.99,-118.22
0.9218,21,2.045662100456621,1.0342465753424657,735,1.678082191780822,37.82,-122.27
2.3438,26,4.616438356164384,0.9452054794520548,277,3.7945205479452055,36.47,-119.37
2.4375,47,4.8961538461538465,1.0153846153846153,1193,4.588461538461538,34.05,-118.19
4.4671,28,5.3657407407407405,1.0354938271604939,2990,4.614197530864198,37.35,-121.81
2.3824,35,4.087591240875913,1.083941605839416,659,2.4051094890510947,38.44,-122.73
5.3735,36,5.681818181818182,0.9744318181818182,956,2.715909090909091,33.83,-118.1
4.1364,24,23.54736842105263,5.168421052631579,264,2.778947368421053,39.27,-120.04
6.0368,22,6.611336032388664,1.0708502024291497,1595,3.2287449392712553,34.29,-118.72
1.9286,29,3.896813353566009,1.1335356600910471,1743,2.644916540212443,36.97,-122.02
1.8432,28,4.302788844621514,1.1872509960159363,524,2.087649402390438,34.44,-119.75
1.7514,34,2.6601371204701274,1.091087169441724,2991,2.9294809010773752,34.09,-118.29
2.0915,47,4.57957958,1.078078078078078,982,2.948948948948949,33.99,-118.31
2.7083,46,4.129251700680272,0.955782313,701,2.3843537414965987,34.09,-117.65
4.2679,44,4.3887043189368775,1.0066445182724253,471,1.564784053156146,34.15,-118.33
4.4107,31,5.691642651,1.074927954,918,2.645533141210375,33.93,-117.97
2.0202,22,5.851703406813627,1.2745490981963927,1382,2.7695390781563125,41.54,-123.92
4.5398,20,7.005277044854881,1.1398416886543536,1081,2.8522427440633247,36.85,-119.69
5.3169,10,5.769886363636363,1.0142045454545454,867,2.4630681818181817,37.66,-122.04
3.5444,12,4.786854460093897,1.0272300469483568,2029,1.9051643192488263,38.68,-121.29
11.9993,31,8.324090121317157,0.9965337954939342,1490,2.582322357019064,33.8,-118.45
5.1523,36,5.776190476190476,1.0809523809523809,1085,2.5833333333333335,33,-117.27
5.143,9,6.139896373056994,1.0984455958549222,1129,2.9248704663212437,37.98,-121.33
3.2125,20,4.398081534772182,1.143884892086331,1305,3.129496402877698,34.4,-119.52
3.7067,18,4.886486486486486,1.0810810810810811,968,2.616216216216216,38.41,-122.36
6.0308,38,5.857777777777778,1.0533333333333332,547,2.431111111111111,33.82,-118.38
6,26,6.310638298,1.0680851063829788,738,3.1404255319148935,33.71,-118.03
1.767,15,4.436893203883495,0.9902912621359223,1266,4.097087378640777,36.59,-119.43
1.3676,26,5.104895104895105,1.1048951048951048,880,3.076923076923077,35.99,-119.31
3.875,28,5.767123287671233,1.1324200913242009,601,2.7442922374429224,34.1,-117.67
1.7431,52,5.0398550724637685,1.039855072463768,632,2.289855072463768,34.95,-120.42
3.4722,40,4.944649446494465,1.154981549815498,766,2.8265682656826567,37.66,-122.09
2.8783,5,5.821086261980831,1.1725239616613419,798,2.549520766773163,33.95,-117.02
3.9028,28,4.853277835587929,1.0822060353798126,1963,2.0426638917793967,34.16,-118.42
1.7801,45,3.663484486873508,1.0310262529832936,1820,4.343675417661098,34.02,-118.19
2.25,31,3.5585585585585586,1.0855855855855856,1095,4.9324324324324325,34.28,-119.14
1.6645,37,5.466292134831461,1.2415730337078652,842,4.730337078651686,33.94,-118.27
2.0833,50,4.176315789473684,1.1789473684210525,877,2.307894736842105,38.56,-121.48